id,sequence,definition,taxon,organism,ybey_group,s11_group
NP_001030250.1,MQVLRNSGSWLLRSWAWPPTTRVVAGVPAPTIHMSAQQMQDAAAKEEVEKAETPAPAPSRSSFSIYPPIPGQESSLRWAGKKFEEIPIAHIKASYNNTQIHVVSAAHQPLARASCGTEGFRNAKKGTGIAAQTAGIAAAAKATGKGVTHVRVVVKGLGPGRLSAIKGLTMGGLEVISITDNTPIPHNGCRPRKARRL,"28S ribosomal protein S11, mitochondrial [Bos taurus]",Eukaryota; Metazoa; Chordata; Craniata; Vertebrata; Euteleostomi; Mammalia; Eutheria; Laurasiatheria; Artiodactyla; Ruminantia; Pecora; Bovidae; Bovinae; Bos,Bos taurus,1.0,1.0
XP_034196954.1,MYSSLSRLSSSLVHRLARCQSQLSASRSFSVSGTPPGPIENFQQGFNSSENVSRNSRSMNFVRGILEEDGKENFGFSQFPRYNMEQNADIVHIKLMKNNTFVTVTDSKGNKKLGASAGSLPGMKGGPKLSKYAAEATAEHVGRMARNFGLKSVVVKVKGFTYFKKKRQAIVSWKEGFTNSKVGLNPIVYIEDTTRKPHNGCRLPKKRRV,"probable ribosomal protein S11, mitochondrial [Prunus dulcis]",Eukaryota; Viridiplantae; Streptophyta; Embryophyta; Tracheophyta; Spermatophyta; Magnoliopsida; eudicotyledons; Gunneridae; Pentapetalae; rosids; fabids; Rosales; Rosaceae; Amygdaloideae; Amygdaleae; Prunus,Prunus dulcis,1.0,1.0
RT18_YEAST,MLLQPVWKGCRWTQFVRPIRRWNSTGTNRGVPFSFKDISNQEDITNISYPSSSDSVLTKSNGSSEVYKPKEEVVKYILHGKFTKNNTHLTFSSVVEDKNFHKNKGLTYNDTMLYYLNLPQKVKISLSTGCLGFRKAARGEYEAAFQTSGRMFELIKEKNMLNKDIEVVMDDFGKGRAAFISALVGKEGASVVKKVVKISDATKLKFGGVRSPKMRRL,Saccharomyces cerevisiae (Opisthokonta; Fungi; Dikarya; Ascomycota); RT18_YEAST,Opisthokonta; Fungi; Dikarya; Ascomycota,Saccharomyces cerevisiae,0.0,0.0
NP_014093.1,MLLQPVWKGCRWTQFVRPIRRWNSTGTNRGVPFSFKDISNQEDITNISYPSSSDSVLTKSNGSSEVYKPKEEVVKYILHGKFTKNNTHLTFSSVVEDKNFHKNKGLTYNDTMLYYLNLPQKVKISLSTGCLGFRKAARGEYEAAFQTSGRMFELIKEKNMLNKDIEVVMDDFGKGRAAFISALVGKEGASVVKKVVKISDATKLKFGGVRSPKMRRL,mitochondrial 37S ribosomal protein YmS18 [Saccharomyces cerevisiae S288C],Eukaryota; Fungi; Dikarya; Ascomycota; Saccharomycotina; Saccharomycetes; Saccharomycetales; Saccharomycetaceae; Saccharomyces,Saccharomyces cerevisiae S288C,0.0,0.0
XP_044461435.1,MYSLTALRQARNVSASLLRFYGRPHSANVPGCLESEKCGGNEFSMSRILGNLGMSLVSTSAKGSASSPYALGFQKYVHSTSQKDFENERNSRPMDFVRGVIEEDGRGFMRRLQYPSYTVEQNADFVHIKLLRNNTFVTVTDSKGNKKVGASWGCLPELKGGPKMSRYAAEATAEHVGRLARNMGLKSVVMRVNGFTYFKKKRQAIMSFREGFGDSRDRNPIVYIEDTTRKPHNGCRLPKKRRI,"probable ribosomal protein S11, mitochondrial [Mangifera indica]",Eukaryota; Viridiplantae; Streptophyta; Embryophyta; Tracheophyta; Spermatophyta; Magnoliopsida; eudicotyledons; Gunneridae; Pentapetalae; rosids; malvids; Sapindales; Anacardiaceae; Mangifera,Mangifera indica,0.0,1.0
YP_009182590.1,MKKKMKRTIVTGTMHVHATFNNTIVTVSDLNGNTLSWASSGTVDFKGSRKGTPFASQKAAEKAALIAKESYGLKRLEVVIKGSGPGREPAIRAVYQKGIRIVSIKDVTFIPYNGCRPPKRRRV,30S ribosomal protein S11 (chloroplast) [Undaria pinnatifida],Eukaryota; Sar; Stramenopiles; Ochrophyta; PX clade; Phaeophyceae; Laminariales; Alariaceae; Undaria,Undaria pinnatifida,0.0,1.0
XP_030535411.1,MSSLSTMNIHARSLLSKIFDSKQRLAFSSSSLLQRHHGLISRSQSSGSTGPGEVISPRVNDVSTIKMHGNVYGASTVDDVNTLGARVVNPSNLTRTRFIDSSTQKDVEIGTGSRFMDHVRGILEEEGKALGGFQYSRYNLEQDVDFVHIKLMRNNTFVTVTDSKGRKKIGASAGCLPEMKGGPKLSRYAAEATAEHVGRLSRSLGLKSVVMKVKGFTFFKKKRQAIMSWREGFTNARGDQNPIVYIEDTTRRPHNGCRLPKRRRV,"probable ribosomal protein S11, mitochondrial isoform X1 [Rhodamnia argentea]",Eukaryota; Viridiplantae; Streptophyta; Embryophyta; Tracheophyta; Spermatophyta; Magnoliopsida; eudicotyledons; Gunneridae; Pentapetalae; rosids; malvids; Myrtales; Myrtaceae; Myrtoideae; Myrteae; Australasian group; Rhodamnia,Rhodamnia argentea,0.0,1.0
RT11_ARATH,MNGVSRHLRASSLLSLIRSYGGINSVCRFSSQSDGFSGGRFREQVPVSGESANNSGLSNTGRIGSSPEPNPSTLRTFGDMKAGLLNRGVNGFSAPNAPPTFKSSLRSRLPNSLPDQFGQTNPGLPNTGGSGFSAPSLSSYENFTQSSSLLKENSRSGGKSSDLDFVREVIEDEGRRTAGIFSHFQRPNLETNADIIHIKMLRNNTFVTVTDSKGNVKCKATSGSLPDLKGGRKMTNYTADATAENIGRRAKAMGLKSVVVKVNGFTHFGKKKKAIIAFRDGFTNSRSDQNPIVYIEDTTRKAHNGCRLPRKRRV,Arabidopsis thaliana (Viridiplatae; Streptophyta); RT11_ARATH,Viridiplatae; Streptophyta,Arabidopsis thaliana,1.0,1.0
EHH63312.1,MQAVRNVGSWFLRSWTWPQTTGRVVARTPARTIHTDARQLQDAAAKQEAEEKKAAPSHTRFSIYPPIPGEESSLRWAGKKFEEIPIAHIKASYNNTQIQVVSASNEPLARASCGTEGFRNSKKGTGIAAQTAGIAAAAKATQKGVTHIRVVVKGLGPGRLSAIHGLTMGGLEVISITDNTPIPHNGCRPRKARRL,"28S ribosomal protein S11, mitochondrial [Macaca fascicularis]",Eukaryota; Metazoa; Chordata; Craniata; Vertebrata; Euteleostomi; Mammalia; Eutheria; Euarchontoglires; Primates; Haplorrhini; Catarrhini; Cercopithecidae; Cercopithecinae; Macaca,Macaca fascicularis,1.0,1.0
XP_035895867.1,MALLKQLNLLSGVVRRTIFGNVKSFHQTAALCKVEDRKAMLASLPSKDEGTIGERSIDIDSMIDKKTSIFPDANTPTALFNGVPFNEIPICHIRVSPNNTIISITDAKGVPQFIRSCGIEGFKNTRKGTNIAAQATAISISTRAIERGYKTVRVTVRGLGPGRMSAIKGLEMAGLNIVSITDTTPVSWNPPRPRKQRKL,"28S ribosomal protein S11, mitochondrial [Anopheles stephensi]",Eukaryota; Metazoa; Ecdysozoa; Arthropoda; Hexapoda; Insecta; Pterygota; Neoptera; Endopterygota; Diptera; Nematocera; Culicoidea; Culicidae; Anophelinae; Anopheles,Anopheles stephensi,0.0,0.0
XP_015897366.1,MYSSLFCVRHSCSSSSSLISLARCHIQQTLSRSFSWMPAIYGGFPGAQKSLLDVCKSSEKIPKGKIADNARELSGSSGLSGTPPYALGFQHSIHSTNEKDFENRRNSPSMNFVRSVVEDDGRDMMRSRGRLPRYNVEQNADFVHIKLMRNNTFVTVTDSKGKKKIGASSGMLPEMKGGAKLSRYAAEATAEHVGRMARNLGLKSVVMKVKGFTYFKKKRQAIMSWREGFTNSRGDQNPIVYIEDTTRRPHNGCRLPKKRRI,"probable ribosomal protein S11, mitochondrial [Ziziphus jujuba]",Eukaryota; Viridiplantae; Streptophyta; Embryophyta; Tracheophyta; Spermatophyta; Magnoliopsida; eudicotyledons; Gunneridae; Pentapetalae; rosids; fabids; Rosales; Rhamnaceae; Paliureae; Ziziphus,Ziziphus jujuba,1.0,1.0
XP_002016727.1,MYIKAILNAVRYAKRVNLPVQMPLSTSSIHTSVCSRKAEDRKEMLASLPAKDEGTVGEKSVDIDTLINRKSKFFPDAAIATQLFNGMPFNELPVCNIRVSPNNTIISVTDYKGVPRLIRSCGIEGFKNTRKGTNIAAQATAVSISAKAIELGWKTIRVKVRGLGPGRMSAIKGLQMGGLNIVSITDNTPVSWNPPRPRKQRSL,"28S ribosomal protein S11, mitochondrial [Drosophila persimilis]",Eukaryota; Metazoa; Ecdysozoa; Arthropoda; Hexapoda; Insecta; Pterygota; Neoptera; Endopterygota; Diptera; Brachycera; Muscomorpha; Ephydroidea; Drosophilidae; Drosophila; Sophophora,Drosophila persimilis,0.0,0.0
XP_001359085.2,MYIKAILNAVRYAKRVNLPVQMPLSSSIHTSVCSRKAEDRKEMLASLPAKDEGTVGEKSVDIDTLINRKSKFFPDAAIATQLFNGMPFNELPVCNIRVSSNNTIISVTDYKGVPRLIRSCGIEGFKNTRKGTNIAAQATAVSISAKAIELGWKTIRVKVRGLGPGRMSAIKGLQMGGLNIVSITDNTPVSWNPPRPRKQRSL,"28S ribosomal protein S11, mitochondrial [Drosophila pseudoobscura]",Eukaryota; Metazoa; Ecdysozoa; Arthropoda; Hexapoda; Insecta; Pterygota; Neoptera; Endopterygota; Diptera; Brachycera; Muscomorpha; Ephydroidea; Drosophilidae; Drosophila; Sophophora,Drosophila pseudoobscura,0.0,0.0
XP_012260645.1,MLRSAVRFLASPCIRNKLVFQNPLRETTTTINITRNLHATAKCQKAEDKKAMLASLPPKDEGTAGEKSIQIDQIMSKTEIFPDENTPFKLFDGTPFKDLPICNIRVSPNNTIMTISDGKGEVHMLHSAGIEGFKNARKGTNIAAQATATNLSIRAIQKGIKTVRVRVRGIGPGRMSAIKGLQIGGMNIVSITDSTRVSWNPPRPRKQRRL,"28S ribosomal protein S11, mitochondrial [Athalia rosae]",Eukaryota; Metazoa; Ecdysozoa; Arthropoda; Hexapoda; Insecta; Pterygota; Neoptera; Endopterygota; Hymenoptera; Tenthredinoidea; Tenthredinidae; Allantinae; Athalia,Athalia rosae,0.0,0.0
XP_018824730.2,MYPYAVSSSILRCRATAHSSSAAFLASSSSSLISLFATKPISLMRCYGGLGQLSGASRSEEVKSFSTDSPQVLQGCIGGHHSSQNFARGGFARTSGLSSAAMDVKNNVSAPYALCFRSFIYSASGRNFETGRGSNSMNFVRGIIEEDGKGFMGGSQLSRYNVEQNATYQKKNVEQNADIVHLKLLRNNTFVTVTDSKGNTKCKASAGCLPELKGGAKMSRYAAEATSEHVGRMSRNLGLKSVVMKVKGFTYFKKKRQAIMSWREGFTNSRGVQNPIVYVEDTTRRPHNGCRLPKRRRI,"probable ribosomal protein S11, mitochondrial [Juglans regia]",Eukaryota; Viridiplantae; Streptophyta; Embryophyta; Tracheophyta; Spermatophyta; Magnoliopsida; eudicotyledons; Gunneridae; Pentapetalae; rosids; fabids; Fagales; Juglandaceae; Juglans,Juglans regia,1.0,1.0
XP_041009820.1,MYPYAVSSSILRCRATGHSSSAAFLASSSSSLISLFATKPISLMRCYGGLGQLSGASRSEEVKSFSTDSPRVLQGCIGGHHSSQNFARGGFARTSGLSSAAMDVKNNVSAPYALCFRSFIYSASGRNFETGRGSNSMNFVRGIIEEDGKGFMGGSQLSRYNVEQNAIYQKKNVEINADIVHLKLLRNNTFVTVTDSKGNTKCKASAGCLPELKGGXKMSRYAAEATSEHVGRMSRNLGLKSVVMKVKGFTYFKKKRQAIMSWREGFTNSRGVQNPIVYVEDTTRRPHNGCRLPKRRRI,"LOW QUALITY PROTEIN: probable ribosomal protein S11, mitochondrial [Juglans microcarpa x Juglans regia]",Eukaryota; Viridiplantae; Streptophyta; Embryophyta; Tracheophyta; Spermatophyta; Magnoliopsida; eudicotyledons; Gunneridae; Pentapetalae; rosids; fabids; Fagales; Juglandaceae; Juglans,Juglans microcarpa x Juglans regia,1.0,1.0
NP_001231457.1,MQVVRNAGSRLLQSWAWPPKTRIVAGLPASTIHRSAPHLQDAAAKLDIEDKEEARTPSHSSFSIYPPIPGQENSLRWAGKKFEEIPIAHIKASYNNTQIQVVSAAHQPLAHASCGTEGFRNAKKGTGIAAQTAGIAAAAKATGKGVTHVRVVVKGLGPGRLSAIKGLTMGGLEVISITDNTPIPHNGCRPRKARRL,"28S ribosomal protein S11, mitochondrial [Sus scrofa]",Eukaryota; Metazoa; Chordata; Craniata; Vertebrata; Euteleostomi; Mammalia; Eutheria; Laurasiatheria; Artiodactyla; Suina; Suidae; Sus,Sus scrofa,1.0,1.0
XP_028060715.1,MIGHRSMLRFSGRPGLFDRAIRVFSPRSEIPFKTLSHRSLFQIPQIYGVPGLGDLKCRSYLHSDVSAAANHNAVPQILGASFRHFIHSSSHKEFETARNSRSMNFVRGIIEEEGKGVMGSSQLSRYVVENNADIVHIKLLRNNTFVTVTDSKGNKKIGASSGCLSEMKGGPKLSRYAAEATAEHVGRLARNLGLKSVVMKVNGFTYFKKKKQAIVSFREGFTFSRGDQNPIVYIEDTTRKPHNGCRLRKRRRV,"probable ribosomal protein S11, mitochondrial [Camellia sinensis]",Eukaryota; Viridiplantae; Streptophyta; Embryophyta; Tracheophyta; Spermatophyta; Magnoliopsida; eudicotyledons; Gunneridae; Pentapetalae; asterids; Ericales; Theaceae; Camellia,Camellia sinensis,1.0,1.0
RT11_HUMAN,MQAVRNAGSRFLRSWTWPQTAGRVVARTPAGTICTGARQLQDAAAKQKVEQNAAPSHTKFSIYPPIPGEESSLRWAGKKFEEIPIAHIKASHNNTQIQVVSASNEPLAFASCGTEGFRNAKKGTGIAAQTAGIAAAARAKQKGVIHIRVVVKGLGPGRLSAMHGLIMGGLEVISITDNTPIPHNGCRPRKARKL,Homo sapiens (Opisthokonta; Metazoa; Eumetazoa; Bilateria; Deuterostomia; Chordata); RT11_HUMAN,Opisthokonta; Metazoa; Eumetazoa; Bilateria; Deuterostomia; Chordata,Homo sapiens,1.0,1.0
XP_022569873.1,MNGVSRHLRASSLPSLIRSYGGIKSVCRFSCQSDGSSGGRFGEQGRVPGDSENKSGLPDPNASPSKSFSEIKAGLLNTGGNGASTFSEMRSGLLNKIGDGGYSAPNAPPTFRNPLRSRLPNTLPSQSGQMNQEGLPNTGGTGFSAPSYQSFTQSNLLKDNFRTGGISKDLDFVRGVIEDDEGRRATGLFSHFHRPNLETNADIIHIKLLRNNTFVTVTDSKGNVKCKATSGSLPDLKGGRKMTSYTADATAENIGRRVKAMGLKSVVVKVNGFTHFKKKRNAIVAFRSGYSNSRNDQNPIVYIEDTTRKAHNGCRLPRKRRV,"probable ribosomal protein S11, mitochondrial [Brassica napus]",Eukaryota; Viridiplantae; Streptophyta; Embryophyta; Tracheophyta; Spermatophyta; Magnoliopsida; eudicotyledons; Gunneridae; Pentapetalae; rosids; malvids; Brassicales; Brassicaceae; Brassiceae; Brassica,Brassica napus,1.0,1.0
XP_011214080.1,MTKLTKYTVFGRKEKFFPSVKTYHQLYNGIPFAELPICNIRVSPNNTVISVTDNKGIPRLIRSCGIEGFKNTRKGTNIAAQATAITISEKAIELGWKTVRVKVRGLGPGRMSAIKGLQMGGLNIVSITDATPVSWNPPRARKQRSL,"28S ribosomal protein S11, mitochondrial [Bactrocera dorsalis]",Eukaryota; Metazoa; Ecdysozoa; Arthropoda; Hexapoda; Insecta; Pterygota; Neoptera; Endopterygota; Diptera; Brachycera; Muscomorpha; Tephritoidea; Tephritidae; Bactrocera; Bactrocera,Bactrocera dorsalis,0.0,0.0
XP_044086710.1,MQVVRKTGSWLLRSWGWPPTPRVVAGAPASTIHTGAQQLQDAAAKQEVEEKAADRAPSRSSFSIYPPVPGQESPLRWAGKKFEEIPIAHIKASYNNTQIQVVSAAHQPLARTSCGTEGFRNAKKATGIAAQTAGIAAAVKAAGKGVTHIRVVVKGLGPGRLSAIKGLTMGGLEVISITDNTPIPHNGCRPRKARRL,"28S ribosomal protein S11, mitochondrial [Neogale vison]",Eukaryota; Metazoa; Chordata; Craniata; Vertebrata; Euteleostomi; Mammalia; Eutheria; Laurasiatheria; Carnivora; Caniformia; Mustelidae; Mustelinae; Neogale,Neogale vison,0.0,1.0
Q9VEN6_DROME,MSLKSVFLSALRSITMPAVPLQTSRIHTSACWRKAEDRKEMLASLPAKDEGTVGEKTVDIDTLINRKAKFFPDASTANTLFNGIPFNELPICNIRVSPNNTIISVTDHKGVLRLIRSCGIEGFKNTRKGTNIAAQATAVTISGKAIELGWKTVRVKVRGLGPGRMSAIKGLQMGGLNIVSITDNTHVSFNPPRPRKQRSL,Drosophila melanogaster (Opisthokonta; Metazoa; Eumetazoa; Bilateria; Protostomia; Ecdyzoa; Panarthropoda; Arthropoda); Q9VEN6_DROME,Opisthokonta; Metazoa; Eumetazoa; Bilateria; Protostomia; Ecdyzoa; Panarthropoda; Arthropoda,Drosophila melanogaster,0.0,0.0
XP_044046166.1,MYKLNCILISSVSNVCRQLAASLNANGSSLCGSSGLQRALCTSAVRLQETVASTTDSGKTSRDFSHFPPLPGQDSSLRWGGKKFEELPIAHIKATYNNTHIQLTDSSGQSMVRTSCGTEGFKNIKKSTPVAAQTAGISAAAKAAAKGVTFVRVVVKGIGPGRLSAIKGLTMGGLEVVSITDNTPVPHNGCRPRKARRT,"28S ribosomal protein S11, mitochondrial [Siniperca chuatsi]",Eukaryota; Metazoa; Chordata; Craniata; Vertebrata; Euteleostomi; Actinopterygii; Neopterygii; Teleostei; Neoteleostei; Acanthomorphata; Eupercaria; Centrarchiformes; Centrarchoidei; Sinipercidae; Siniperca,Siniperca chuatsi,0.0,1.0
XP_006070111.1,MQVVRNAGSWLLRPWAWPPTTRVVAGVPAPTIHMSAQQMQDAAAKEEVEKAETPAPAPSRSSFSIYPPIPGQESSLRWAGKKFEEIPIAHIKASYNNTQIQVVSAAHQPLARASCGTEGFRNAKKGTGIAAQTAGIAAAAKATGKGVTHVRVVVKGLGPGRLSAIKGLTMGGLEVISITDNTPIPHNGCRPRKARRL,"28S ribosomal protein S11, mitochondrial isoform X2 [Bubalus bubalis]",Eukaryota; Metazoa; Chordata; Craniata; Vertebrata; Euteleostomi; Mammalia; Eutheria; Laurasiatheria; Artiodactyla; Ruminantia; Pecora; Bovidae; Bovinae; Bubalus,Bubalus bubalis,0.0,1.0
XP_030936932.1,MYCSNLLRRATAPSSSFFASKPISLLPFYAARFSHLTAPTSLSPGCVESIHGGSHSSENFARGGLSGTSGLNFGLRNIKENVSVSPPFALIFRSYIHSSSQKDFETQRNSRSMNFVRGIIEEDGRDIMGTSQFPRYNVEQNADIVHIKMLRNNTFVTVTDSKGNTKCRASVGCVPEMKGGAKMSRYAAEATAEHVGRMSRNLGLKSVVMKVRGFTYFKKKRQAIMSWREGFTNSRGDRNPVVYIEDTTRRPHNGCRLPKKRRI,"probable ribosomal protein S11, mitochondrial [Quercus lobata]",Eukaryota; Viridiplantae; Streptophyta; Embryophyta; Tracheophyta; Spermatophyta; Magnoliopsida; eudicotyledons; Gunneridae; Pentapetalae; rosids; fabids; Fagales; Fagaceae; Quercus,Quercus lobata,1.0,1.0
XP_018476340.1,MNGVSRHLRASPLPSLIRSYGGIKSVCRFSSQSDGFSGGREQGPVTGNSENKSAPPDPNASPSKTFSEIKAGLLNSGGGGKGTSSTFSSFSELRSGLLNRAGDGGYPSPNAPPTFKNPFRSRLPNTLPSQSGEEEGLPSTGGSGFSSAPAPSYQSFTQSNLFKDNFRTGGISKDLDFVRGVIEEDEGRRVATGGLFSHFHRPNLETNADIIHIKLLRNNTFVTVTDSKGNVKCKATSGSVPDLKGGRKMTSYTADATAENIGRRVKAMGLKSVVVKVNGFTHFKKKRNAIVAFRSGYSNSRNDQNPIVYIEDTTRKAHNGCRLPRKRRV,"PREDICTED: probable ribosomal protein S11, mitochondrial [Raphanus sativus]",Eukaryota; Viridiplantae; Streptophyta; Embryophyta; Tracheophyta; Spermatophyta; Magnoliopsida; eudicotyledons; Gunneridae; Pentapetalae; rosids; malvids; Brassicales; Brassicaceae; Brassiceae; Raphanus,Raphanus sativus,1.0,1.0
XP_007246213.1,MYKLNSALSCLLRGTNQQILEPLTAASRTLGGNFVGLRPLSRTAARLQEAETQTEVEVTPETVKSRSKDFSHYPPLPGQDSALRWDGKKFEDLHIIHVKATYNNTHIQVTDNLGQSMVRTSCGTEGFRNSKKSTPIAAQTAGISAASKAQAKGVTFARVLVKGLGPGRLSAIKGLSMGGLQIVSITDNTPVPHNGCRPRKARRM,"28S ribosomal protein S11, mitochondrial [Astyanax mexicanus]",Eukaryota; Metazoa; Chordata; Craniata; Vertebrata; Euteleostomi; Actinopterygii; Neopterygii; Teleostei; Ostariophysi; Characiformes; Characoidei; Characidae; Astyanax,Astyanax mexicanus,1.0,1.0
XP_043954569.1,MFNFRCVFNSASTLCRQLITPLNVNGTASQCGIRRLPQLRPLFLSAVSHQEAEASTGKDFSHLPPMPGQDSPLRWAGKKFEELPIIHIKATYNNTHIQLTDSAGQSLVRTSCGTEGFKNSKKSTPIAAQTAGISAAAKATVKGVTFVRVVVKGLGPGRLSAIKGLTMGGLQLVSITDNTPVPHNGCRPRKARRI,"28S ribosomal protein S11, mitochondrial [Gambusia affinis]",Eukaryota; Metazoa; Chordata; Craniata; Vertebrata; Euteleostomi; Actinopterygii; Neopterygii; Teleostei; Neoteleostei; Acanthomorphata; Ovalentaria; Atherinomorphae; Cyprinodontiformes; Poeciliidae; Poeciliinae; Gambusia,Gambusia affinis,1.0,1.0
YP_009547908.1,MNKNKYKIKKTKNKKNLLILANLHITASLKNTIISLTNFNGNLLKQWSTRSLKKTKFKKNTPYNVQLIVYKINKYLQIKKVQNLKIFIHGTGLGRYNVLKNLKRKFKVKYLLDKTAKPFNGCRLKKKKRR,ribosomal protein S11 (mitochondrion) [Bremia lactucae],Eukaryota; Sar; Stramenopiles; Oomycota; Peronosporales; Peronosporaceae; Bremia,Bremia lactucae,1.0,1.0
Q9XQQ4_TOXGO,MITNKIFTLYIKSTGKNTFLSLLQNNLIFNTNKLILDKKQNILNTYSCGNFGFKNRKKETAFACSFIVTKILLLIINLKIKFFHIVMKGIGLYRKIILTTILTFLNEHPDLKLLSITDLTQSSFNGCSSKKRKKH,Toxoplasma gondii (Sar; Alveolata; Apicomplexa); Q9XQQ4_TOXGO,Sar; Alveolata; Apicomplexa,Toxoplasma gondii,1.0,1.0
XP_043278865.1,MLRSVIKLLKVPLIQPTHSNLASLNSNKLGGFNSLAINSFHTTSKLQKVEDRKMMLNSMPKIDEGTEGEQHIDIDYSNIKADLFPDENTPNRLFNGVPFKEIPIVHIRVSHNNTIVGLTDHKGVLKIMHSCGREGFKNARKGTNIAAQATAITLSTKALEQGFKTVRVRVRGLGPGRMSSIKGLQMGGLNIISVTDSTRVTWTPLRARKARRL,"28S ribosomal protein S11, mitochondrial [Venturia canescens]",Eukaryota; Metazoa; Ecdysozoa; Arthropoda; Hexapoda; Insecta; Pterygota; Neoptera; Endopterygota; Hymenoptera; Apocrita; Parasitoida; Ichneumonoidea; Ichneumonidae; Campopleginae; Dusona group; Venturia,Venturia canescens,0.0,0.0
XP_009114957.1,MNGVSRHLRASPLPSLIRSYGGINSVCRFSSQSDGSSGGRFGEKGPVPGDSENKSGLPDPNASPSKSFSEIKAGLLNTGGNGSSSFTSFSEMRSGLLNKIGDGGYSAPPTFRNPLRSRLPNTLPSQSGQEGLPSYQSFTQSNLLKDNFRTGGISKDLDFVRGVIEEDEGRRATGLFSHFHRPNLETNADIIHIKLLRNNTFVTVTDSKGNVKCKATSGSLPDLKGGRKMTSYTADATAENIGRRVKAMGLKSVVVKVNGFTHFKKKRNAIVAFRSGYSNSRNDQNPIVYIEDTTRKAHNGCRLPRKRRV,"probable ribosomal protein S11, mitochondrial [Brassica rapa]",Eukaryota; Viridiplantae; Streptophyta; Embryophyta; Tracheophyta; Spermatophyta; Magnoliopsida; eudicotyledons; Gunneridae; Pentapetalae; rosids; malvids; Brassicales; Brassicaceae; Brassiceae; Brassica,Brassica rapa,0.0,1.0
XP_043410656.1,MQVVRKTGSWFLRSWARSQTPGVVAGAPASTIRPGARQLQDAAAKQEVEEKAAVPAPSRSSFSIYPPVPGQESPLRWAGKKFEEIPIAHIKASYNNTQIQVVSAAHQPLARASCGTEGFRNAKKGTGIAAQTAGIAAAAKAAGKGVTHIRVVVKGLGPGRLSAIKGLTMGGLEVISITDNTPIPHNGCRPRKARRL,"28S ribosomal protein S11, mitochondrial [Prionailurus bengalensis]",Eukaryota; Metazoa; Chordata; Craniata; Vertebrata; Euteleostomi; Mammalia; Eutheria; Laurasiatheria; Carnivora; Feliformia; Felidae; Felinae; Prionailurus,Prionailurus bengalensis,0.0,1.0
YP_008080527.1,MTKAIPRIGSRRRVRIGLRRNARFSLRKSARRITKGVIHVQASFNNTIITVTDLQGRVVFWSSAGTCGFKSSRKASPYAGQRTAVDAIRTVGLQRAEVMVKGAGSGRDAALRAIAKSGVRLSCIRDVTPMPHNGCRPPKKRRL,ribosomal protein S11 (chloroplast) [Pharus latifolius],Eukaryota; Viridiplantae; Streptophyta; Embryophyta; Tracheophyta; Spermatophyta; Magnoliopsida; Liliopsida; Poales; Poaceae; Pharoideae; Phareae; Pharus,Pharus latifolius,0.0,1.0
XP_043345705.1,MQVVRNAGSWLLRSWAWPPTTRIVAGVPGPTIHMSAQQMQDAAAKQEVEKAETPAPALSRSSFSIYPPVPGQESSLRWAGKKFEEIPIAHIKASYNNTQIQVVSAAHQPLARASCGTEGFRNAKKGTGIAAQTAGIAAAAKATGKGVTHVRVVVKGLGPGRLSAIKGLTMGGLEVISITDNTPIPHNGCRPRKARRL,"28S ribosomal protein S11, mitochondrial [Cervus canadensis]",Eukaryota; Metazoa; Chordata; Craniata; Vertebrata; Euteleostomi; Mammalia; Eutheria; Laurasiatheria; Artiodactyla; Ruminantia; Pecora; Cervidae; Cervinae; Cervus,Cervus canadensis,0.0,1.0
XP_028679350.1,MYKVCTSACSVVRTACEQMFTQTLSVNGPRCLWSSAERFQVPAESFTSSPSNNNLEEYSIYPPVPGQESRLRWQGKKYEELPIAHVKATYNNTHIQVTDHAGKYITRTSCGTEGFKNIKKATPVAAQTAGISAGAKAHSKGVLHVRVVVKGLGPGRMSAIKGLTMGGLEVVSITDNTPIPHNGCRPRKARRI,"28S ribosomal protein S11, mitochondrial [Erpetoichthys calabaricus]",Eukaryota; Metazoa; Chordata; Craniata; Vertebrata; Euteleostomi; Actinopterygii; Polypteriformes; Polypteridae; Erpetoichthys,Erpetoichthys calabaricus,0.0,1.0
XP_042979125.1,MYPYAASSSIFRCRATAHSFSAAFSASSSSSLISLFATKPISLMRCYGGLGQLSGALRSEEVKSFSTDSPRVLQGCIGGHHSSQSFARGGFARTSGLSSAAMDVKNNVSAPYALCFRSFIYSASGRNFEPGRGSKSMNFVRGIIEEDGKDLMDFRGGSQLSRYTLEQNADIVHLKLLRNNTFVTVTDSKGNTKCKASAGCLPELKGGAKMSRYAAEATSEHVGRMSRNMGLKSVVMKVKGFTYFKKKRQAIMSWREGFTNSRGVQNPIVYIEDTTRRPHNGCRLPKRRRI,"probable ribosomal protein S11, mitochondrial [Carya illinoinensis]",Eukaryota; Viridiplantae; Streptophyta; Embryophyta; Tracheophyta; Spermatophyta; Magnoliopsida; eudicotyledons; Gunneridae; Pentapetalae; rosids; fabids; Fagales; Juglandaceae; Carya,Carya illinoinensis,0.0,1.0
XP_004017787.1,MQVVRNAGSWLLRSWAWPPTTRVVARVPAPTIHMSAQQMQDAAAKEEVEKSEIPAPAPSRSSFSIYPPFPGQESSLRWAGKKFEEIPIAHIKASYNNTQIQVVSAAHQPLARASCGTEGFRNAKKGTGIAAQTAGIAAAAKATGKGVTHVRVVVKGLGPGRLSAIKGLTMGGLEVISITDNTPIPHNGCRPRKARRL,"28S ribosomal protein S11, mitochondrial [Ovis aries]",Eukaryota; Metazoa; Chordata; Craniata; Vertebrata; Euteleostomi; Mammalia; Eutheria; Laurasiatheria; Artiodactyla; Ruminantia; Pecora; Bovidae; Caprinae; Ovis,Ovis aries,1.0,1.0
XP_042275951.1,MFKLNCILFSSVSKVCRQFAAPLNANGRSICGSSAVRLQDAAAATKVSSKDFSQTPPLPGQDSPLRWGGKKFEELPIAHIKATYNNTHIQLTDSAGQSMVRTSCGTEGFKNIKKSTPIAAQTAGLSAAAKATSKGVTFVRVVVKGLGPGRLSAIKGLTMGGLEVVSITDSTPVPHNGCRPRKARRM,"28S ribosomal protein S11, mitochondrial [Thunnus maccoyii]",Eukaryota; Metazoa; Chordata; Craniata; Vertebrata; Euteleostomi; Actinopterygii; Neopterygii; Teleostei; Neoteleostei; Acanthomorphata; Pelagiaria; Scombriformes; Scombridae; Thunnus,Thunnus maccoyii,0.0,1.0
XP_043777724.1,MQVVRNAGSWLLRSWAWPPTTRIVAGVPGPTIHMSAQQMQDAAAKQEVEKAETPAPAPSRSSFSIYPPVPGQESSLRWAGKKFEEIPIAHIKASYNNTQIQVVSAAHQPLARASCGTEGFRNAKKGTGIAAQTAGIAAAAKATGKGVTHVRVVVKGLGPGRLSAIKGLTMGGLEVISITDNTPIPHNGCRPRKARRL,"28S ribosomal protein S11, mitochondrial isoform X2 [Cervus elaphus]",Eukaryota; Metazoa; Chordata; Craniata; Vertebrata; Euteleostomi; Mammalia; Eutheria; Laurasiatheria; Artiodactyla; Ruminantia; Pecora; Cervidae; Cervinae; Cervus,Cervus elaphus,0.0,1.0
Q389T7_TRYB2,MMQKSVTFLRRGKPRPRAGMFPDKYRRVPMLLKPQQGGQQYFNHFLIRSTNDRLTQQDVDNASGQAHSFISPQLPQMDWRNMSARSSEESIREEMRQLAENDVMQHQRVFNERMWYEKEEEHRMKARSCPEETSEHAISNDGAVPPPRVLGGDYFKTRFGYSLVKNSEMTQGPVDYSQLDMWGEMPRYTSDMVFLYLVSRRRNTYAVAYTYEGKRILNTYTAGNRGLKGGDRGFRSEGSTDNGHQVTSMYLNDLLPKLREMRASEGRPMGRGEKVELVVRVMGFYNGRQGAVRAVQDRANEFHVRYFEDITPFPLNGPKMPRGVFK,Trypanosoma brucei brucei (Discoba; Euglenozoa; Kinetoplastea); Q389T7_TRYB2,Discoba; Euglenozoa; Kinetoplastea,Trypanosoma brucei brucei,1.0,1.0
XP_026030617.1,MNKFSCILFSSLSTVCRQLSAPLNGNTASLCGSRALQRTICSSAIRHQEKEASSSAETAKDFSYLPPLPGHDSALRWGGKKFEDLPIVHIKATYNNTHIQLTDSAGQSVVRTSCGTEGFKNIKKSTPIAAQTAGISAAAKATAKGVSFVRVVVKGLGPGRLSAIKGLTMGGLEVVSITDNTPVPHNGCRPRKARRT,"28S ribosomal protein S11, mitochondrial [Astatotilapia calliptera]",Eukaryota; Metazoa; Chordata; Craniata; Vertebrata; Euteleostomi; Actinopterygii; Neopterygii; Teleostei; Neoteleostei; Acanthomorphata; Ovalentaria; Cichlomorphae; Cichliformes; Cichlidae; African cichlids; Pseudocrenilabrinae; Haplochromini; Astatotilapia,Astatotilapia calliptera,1.0,1.0
XP_002073010.1,MWWLRQVPRLNSATAGVTVADVSKRLVSAFHTSSYRGKAEDRKEMLASLPAKDEGTVGEKSVDIDTLINRKAKFFPDASTSSELFNGIPFSELPICNIRVSSNNTIISVTDYKGVPRLIRSCGIEGFKNTRKGTNIAAQATAVSISNKAIELGWKTIRVKVRGLGPGRMSAIKGLQMGGLNIVSITDNTPVSWNPPRPRKQRSL,"28S ribosomal protein S11, mitochondrial [Drosophila willistoni]",Eukaryota; Metazoa; Ecdysozoa; Arthropoda; Hexapoda; Insecta; Pterygota; Neoptera; Endopterygota; Diptera; Brachycera; Muscomorpha; Ephydroidea; Drosophilidae; Drosophila; Sophophora,Drosophila willistoni,0.0,0.0
KAG7030891.1,MRRLPFPHLSSLFRSSSLSHGSSFSSCRLSISPFFGTDARSPMSSLHFSHGSEISGSVQLDRQDSGCVDLPRGDSVNVGREIVGRAWKALGAQGPCWGLARSSENVSVPYSSSSRCYVHYDGRPNADTGRNFKSMNFVRGILEEDGMDFMGSSQFPRPPNMEHNADIVHVKLMRNNTFITVTDNKGNTKLKASSGRLEELKGGPKLSRYAAEATAEYVGRESKKLGLKSVVMRVKGFTYFKKKKQAILSWRDGFTDSKRDQNPIVYIEDTTRRAHNGCRLPKQRRV,"putative ribosomal protein S11, mitochondrial [Cucurbita argyrosperma subsp. argyrosperma]",Eukaryota; Viridiplantae; Streptophyta; Embryophyta; Tracheophyta; Spermatophyta; Magnoliopsida; eudicotyledons; Gunneridae; Pentapetalae; rosids; fabids; Cucurbitales; Cucurbitaceae; Cucurbiteae; Cucurbita,Cucurbita argyrosperma subsp. argyrosperma,0.0,1.0
XP_044747307.1,MALRQILYNCNRMLGGLDSTFFIQSKLIHCTCNNLRDVVDRKEMLRSLPKIDEGTSGEKAEEMDILLKDKQSMFPTKDTPNQLFNGIRFRDLPIFNIKSSPNNTIISLTNSKGDPQMLRSCGIEGFKNTRKGTNIAAQATAITIGTKAYNKGIKTVRVRVRGVGPGRMSSIKGLQMAGLQIVSITDNTPVSWNPPRPRKQRKL,"28S ribosomal protein S11, mitochondrial [Coccinella septempunctata]",Eukaryota; Metazoa; Ecdysozoa; Arthropoda; Hexapoda; Insecta; Pterygota; Neoptera; Endopterygota; Coleoptera; Polyphaga; Cucujiformia; Coccinellidae; Coccinellinae; Coccinellini; Coccinella,Coccinella septempunctata,0.0,0.0
XP_007201837.1,MYSSLSRLSSSLVHRLARCQSQLIASRSFSVSGTPPGPVENFQQGFNSSENVSRNSRSMNFVRGILEEDGKENIGFSQFPRYNMEQNADIVHIKLMKNNTFVTVTDSKGKKKLGASAGSLPGMKGGPKLSKYAAEATAEHVGRMARNFGLKSVVVKVKGFTYFKKKRQAIVSWKEGFTNSKVGLNPIVYIEDTTRKPHNGCRLPKKRRV,"probable ribosomal protein S11, mitochondrial [Prunus persica]",Eukaryota; Viridiplantae; Streptophyta; Embryophyta; Tracheophyta; Spermatophyta; Magnoliopsida; eudicotyledons; Gunneridae; Pentapetalae; rosids; fabids; Rosales; Rosaceae; Amygdaloideae; Amygdaleae; Prunus,Prunus persica,1.0,1.0
XP_041640986.1,MYHLNCVLVNSVRSVCRQLAANGSALCGNSGLQRALCTSTVRHQETAASSTDSQKTSKDFSHVPPLPGQESSLRWAGKKFEELPIIHIKATYNNTHIQMTDSEGQSLVRTSCGTEGFKNARKSTPVAAQTAGISAAAKATAKGVTFVRVVVKGLGPGRLSAIKGLTMGGLEVVSITDNTPVPHNGCRPRKARRM,"28S ribosomal protein S11, mitochondrial [Cheilinus undulatus]",Eukaryota; Metazoa; Chordata; Craniata; Vertebrata; Euteleostomi; Actinopterygii; Neopterygii; Teleostei; Neoteleostei; Acanthomorphata; Eupercaria; Labriformes; Labridae; Cheilinus,Cheilinus undulatus,0.0,1.0
RR11_CHLRE,MAKQTRKLTTNKTKKKIFRGVVHIQAGHHNTIVTITNIRGEVLCWSSAGACGFRGKRKSTSFAAKKAAETVARKSRDFTMKAAKILVTGPGQGRESAIREIFKAGIKVSVIREKTGIPHNGCRPPKKRSV,Chlamydomonas reinhardtii (Viridiplatae; Chlorophyta); RR11_CHLRE,Viridiplatae; Chlorophyta,Chlamydomonas reinhardtii,1.0,2.0
XP_003969460.1,MYTLNCTLINSVSNVCRQLTASLKTNGICATSALQRTLSSSAVRLHDTKESATTSNESSTFSQLPPLPGQDSPLRWAGKSFEELPIAHIKATYNNTHIQVTDSEGKSMVRTSCGTEGFRNIKKSTPIAAQTAGISAAAKATAKGLLFVRVVIKGLGPGRLSAIKGLTMGGLEVVSITDNTPVPHNGCRPRKARRM,"28S ribosomal protein S11, mitochondrial [Takifugu rubripes]",Eukaryota; Metazoa; Chordata; Craniata; Vertebrata; Euteleostomi; Actinopterygii; Neopterygii; Teleostei; Neoteleostei; Acanthomorphata; Eupercaria; Tetraodontiformes; Tetradontoidea; Tetraodontidae; Takifugu,Takifugu rubripes,1.0,1.0
XP_013638272.1,MNGVSRHLRASSLPSLIRSYGGIKSVCRFSCQSDGSSGGRFGEQGRVPGDSENKSGLPDPNASPSKSFSEMRSGLLNKIGDGGYSAPNAPPTFRNPLRSRLPNTLPSQSGQMNQEGLPNTGGTGFSAPSYQSFTQSNLLKDNFRTGGISKDLDFVRGVIEDDEGRRATGLFSHFHRPNLETNADIIHIKLLRNNTFVTVTDSKGNVKCKATSGSLPDLKGGRKMTSYTADATAENIGRRVKAMGLKSVVVKVNGFTHFKKKRNAIVAFRSGYSNSRNDQNPIVYIEDTTRKAHNGCRLPRKRRV,"PREDICTED: probable ribosomal protein S11, mitochondrial [Brassica oleracea var. oleracea]",Eukaryota; Viridiplantae; Streptophyta; Embryophyta; Tracheophyta; Spermatophyta; Magnoliopsida; eudicotyledons; Gunneridae; Pentapetalae; rosids; malvids; Brassicales; Brassicaceae; Brassiceae; Brassica,Brassica oleracea var. oleracea,1.0,1.0
XP_002749192.1,MQAVRNAGSWLLRSWPPTSGVVARTAARTIHTGARQLQDAAAKQEVEEKSAAPRHTSFSIYPPIPGEESSLRWAGKKFEEIPIAHIKASYNNTQIQVLSASNQPLAHASCGTEGFRNARKGTGIAAQTAGIAAAAKAIQKGVTHIRVVVKGLGPGRLSAINGLTMGGLEVISITDNTPIPHNGCRPRKARRL,"28S ribosomal protein S11, mitochondrial isoform X1 [Callithrix jacchus]",Eukaryota; Metazoa; Chordata; Craniata; Vertebrata; Euteleostomi; Mammalia; Eutheria; Euarchontoglires; Primates; Haplorrhini; Platyrrhini; Cebidae; Callitrichinae; Callithrix; Callithrix,Callithrix jacchus,0.0,1.0
XP_041762820.1,MSLLKQLNLLSGLVRRTLVGSVRPLHQTATLRKVEDRKAMLASLPSKDEGTVGERSIDIDSMIDKKTSIFPDANTPTSLINGVPFNEIPICHIRVSPNNTIISITDAKGVPQFIRSCGIEGFKNTRKGTNIAAQATAISISTRAIERGFKTVRVTVRGLGPGRMSAIKGLEMAGLNIVSITDTTPVSWNPPRPRKQRKL,"28S ribosomal protein S11, mitochondrial [Anopheles merus]",Eukaryota; Metazoa; Ecdysozoa; Arthropoda; Hexapoda; Insecta; Pterygota; Neoptera; Endopterygota; Diptera; Nematocera; Culicoidea; Culicidae; Anophelinae; Anopheles,Anopheles merus,0.0,0.0
XP_044740041.1,MLNITKLFINNSMRLSHRSIYTTNIRFKTEDKKQMLASMPVKDEGTVGEKVIDIDTLVSDKSFQRFPNINTHKQLFNGIPFDEIPICNVKVSPNNTILNITDHKGKTQMIRSCGVEGFKNTRKGTNIAAQATAISISSRAIERGLKTVRVRVQGIGPGRMSAIKGLQMGGLDIISITDSTRVSWNPPRPRKQKKL,"28S ribosomal protein S11, mitochondrial [Chrysoperla carnea]",Eukaryota; Metazoa; Ecdysozoa; Arthropoda; Hexapoda; Insecta; Pterygota; Neoptera; Endopterygota; Neuroptera; Hemerobiiformia; Chrysopidae; Chrysopinae; Chrysoperla,Chrysoperla carnea,0.0,0.0
YP_009485962.1,MAKPIPRVGSRKNGRSGSRKNARRIPKGVIHVQASFNNTIVTVTDVRGRVISWSSAGNCGFRGTRRGTPFAAQTAAGNAIRAVVDQGMQRAEVMIKGPGLGRDAALRAIRRSGILLSFVRDVTPMPHNGCRPPKKRRV,ribosomal protein S11 (chloroplast) [Bretschneidera sinensis],Eukaryota; Viridiplantae; Streptophyta; Embryophyta; Tracheophyta; Spermatophyta; Magnoliopsida; eudicotyledons; Gunneridae; Pentapetalae; rosids; malvids; Brassicales; Akaniaceae; Bretschneidera,Bretschneidera sinensis,0.0,1.0
TKS69739.1,MFDGFSAIYHIYDHFPPLPGQESSLSWGGKKFEELPVVHIKATYNNTHIQLTDSAGESMVRTSCGTEGFKNIKKSTPVAAQTAGISAAAKATAKGVTFVRVVVKGLGPGRLSAIKGLTMGGLEVVSITDNTPVPHNGCRPRKARRT,"28S ribosomal protein S11, mitochondrial [Collichthys lucidus]",Eukaryota; Metazoa; Chordata; Craniata; Vertebrata; Euteleostomi; Actinopterygii; Neopterygii; Teleostei; Neoteleostei; Acanthomorphata; Eupercaria; Sciaenidae; Collichthys,Collichthys lucidus,1.0,1.0
XP_041031011.1,MLGARSVLWWLRRGLLQATGGCSHVSSVEGQCRLVHTGLQKLQELAEKESNSTELTHTRHSADFSILPPMPGQESHLHWGSKKYEDLHIVHIKATYNNTHIHVTTQEGKSMVRTSCGTEGFKNAKKGTPIAAQTAGISAAAKATDQGISFVRVVVKGLGPGRLSAIKGLSMGGLQVVSITDDTPIPHNGCRPRKARRM,"28S ribosomal protein S11, mitochondrial [Carcharodon carcharias]",Eukaryota; Metazoa; Chordata; Craniata; Vertebrata; Chondrichthyes; Elasmobranchii; Galeomorphii; Galeoidea; Lamniformes; Alopiidae; Carcharodon,Carcharodon carcharias,0.0,0.0
XP_012674855.1,MSNLTSRLSRLTRCANQHILTSLNMVRATVVSTESRRPICSTAIRQQESAEEATFTPKPSSREFSMYPPMPEEDSPLTWGGMKFADLPIAHIKATYNNTHIQVTDFSGQYVARTSCGAEGFRNVKKSTPIAAQTAGISAASKAQAKGVTFVRVVVKGLGPGRLSAIKGLTMGGLEVVSITDNTPVPHNGCRPRKARRM,"28S ribosomal protein S11, mitochondrial [Clupea harengus]",Eukaryota; Metazoa; Chordata; Craniata; Vertebrata; Euteleostomi; Actinopterygii; Neopterygii; Teleostei; Clupei; Clupeiformes; Clupeoidei; Clupeidae; Clupea,Clupea harengus,1.0,1.0
XP_008972105.2,MQAVRNVGSWFLRSWTWPQTAGRVVARTPAGTICTGARQLQDAAAKQEVEQNAAPSHTKFSIYPPIPGEESSLRWAGKKFEEIPIAHIKASHNNTQIQVVSASNEPLAFASCGTEGFRNAKKGTGIAAQTAGIAAAARAKQKGVIHIRVVVKGLGPGRLSAMHGLIMGGLEVISITDNTPIPHNGCRPRKARKL,"28S ribosomal protein S11, mitochondrial isoform X1 [Pan paniscus]",Eukaryota; Metazoa; Chordata; Craniata; Vertebrata; Euteleostomi; Mammalia; Eutheria; Euarchontoglires; Primates; Haplorrhini; Catarrhini; Hominidae; Pan,Pan paniscus,1.0,1.0
XP_027137111.1,MFDGFSAMCHIYECWSGVLQRTLCSSAVQKPDEKTSKDFSHFPPLPGQESSLSWGGKKFEELPVVHIKATYNNTHIQLTDSAGESMVRTSCGTEGFKNIKKSTPVAAQTAGISAAAKATAKGVTFVRVVVKGLGPGRLSAIKGLTMGGLEVVSITDNTPVPHNGCRPRKARRT,"28S ribosomal protein S11, mitochondrial isoform X2 [Larimichthys crocea]",Eukaryota; Metazoa; Chordata; Craniata; Vertebrata; Euteleostomi; Actinopterygii; Neopterygii; Teleostei; Neoteleostei; Acanthomorphata; Eupercaria; Sciaenidae; Larimichthys,Larimichthys crocea,1.0,1.0
XP_040156650.1,MSLLKQLNLLSGLVRRTLVGSVRPLHQTATLRKVEDRKAMLASLPSKDEGTVGERSIDIDSMIDKKTSIFPDANTPTSLINGVPFNEIPICHIRVSPNNTIISITDAKGVPQFIRSCGIEGFKNTRKGTNIAAQATAISISTRAIERGYKTVRVTVRGLGPGRMSAIKGLEMAGLNIVSITDTTPVSWNPPRPRKQRKL,"28S ribosomal protein S11, mitochondrial [Anopheles arabiensis]",Eukaryota; Metazoa; Ecdysozoa; Arthropoda; Hexapoda; Insecta; Pterygota; Neoptera; Endopterygota; Diptera; Nematocera; Culicoidea; Culicidae; Anophelinae; Anopheles,Anopheles arabiensis,0.0,0.0
XP_040226135.1,MSLLKQLNLLSGLVRRTLVGGVRPLHQTATLRKVEDRKAMLASLPSKDEGTVGERSIDIDSMIDKKTSIFPDANTPTSLINGVPFNEIPICHIRVSPNNTIISITDAKGVPQFIRSCGIEGFKNTRKGTNIAAQATAISISTRAIERGYKTVRVTVRGLGPGRMSAIKGLEMAGLNIVSITDTTPVSWNPPRPRKQRKL,"28S ribosomal protein S11, mitochondrial [Anopheles coluzzii]",Eukaryota; Metazoa; Ecdysozoa; Arthropoda; Hexapoda; Insecta; Pterygota; Neoptera; Endopterygota; Diptera; Nematocera; Culicoidea; Culicidae; Anophelinae; Anopheles,Anopheles coluzzii,0.0,0.0
KAG0677399.1,MLKTIVRPFSSTARVSQDVASFLFASTKGPESSQAIEDANIVQPKNLQGGNKKGRVDESVVKYILSCRFTKNNTHFTYSAVMEDKNFLTNNEQLSYNEKYLYYLKLPQKVKFHMSTGHLGFRKAARGEYEASFQTAAKLFETLQQKKLLDKNIEIVMRDFGKGRDAFISALNGKEGNLIRRHISRISDATELKFGGVKAPRPRRL,"28S ribosomal protein S18b, mitochondrial [Kluyveromyces marxianus]",Eukaryota; Fungi; Dikarya; Ascomycota; Saccharomycotina; Saccharomycetes; Saccharomycetales; Saccharomycetaceae; Kluyveromyces,Kluyveromyces marxianus,0.0,0.0
XP_007549135.1,MFNFRCAFNSASALCRQLLTPLNVNGTVSQCGSRRLPQQRPLFLSAMRHQEAEASTGKDFSYFPPMPGEDSPLRWAGKKFEELPIIHIKATYNNTHIQLTDSTGQSLVRTSCGTEGFKNSKKSTPIAAQTAGISAAAKATVKGVTFVRVVVKGLGPGRLSAIKGLTMGGLQVVSITDNTPVPHNGCRPRKARRI,"PREDICTED: 28S ribosomal protein S11, mitochondrial [Poecilia formosa]",Eukaryota; Metazoa; Chordata; Craniata; Vertebrata; Euteleostomi; Actinopterygii; Neopterygii; Teleostei; Neoteleostei; Acanthomorphata; Ovalentaria; Atherinomorphae; Cyprinodontiformes; Poeciliidae; Poeciliinae; Poecilia,Poecilia formosa,1.0,1.0
XP_039968692.1,MIRLFNTVVELYCPRWSYIKEACKFHTALTMRKVEDRKGMMASLPDKDEGTSGEKSIDIDTLIQKKEKFFPGVKTYHQLYNGIPFAELPICNIRVSPNNTVISVTDNKGIPRLIRSCGIEGFKNTRKGTNIAAQATAITISEKAIELGWKTVRVKVRGLGPGRMSAIKGLQMGGLNIVSITDATPVSWNPPRARKQRSL,"28S ribosomal protein S11, mitochondrial [Bactrocera tryoni]",Eukaryota; Metazoa; Ecdysozoa; Arthropoda; Hexapoda; Insecta; Pterygota; Neoptera; Endopterygota; Diptera; Brachycera; Muscomorpha; Tephritoidea; Tephritidae; Bactrocera; Bactrocera,Bactrocera tryoni,0.0,0.0
XP_005320176.1,MQVVRNAGSRILRSWALTPTTGIVVRDPSRTVHTGAQVLQDAAAEPEVEEVAPSHKSFSIYPPVPGQESSLRWAGKKFEEIPIAHIKASYNNTQIQVVSAIHQPLAFASCGTEGFRNAKKGTGIAAQTAGIAAAAKATGKGVTHIRVVVKGLGPGRWSAIKGLTMGGLEVISITDNTPVPHNGCRPRKARRL,"28S ribosomal protein S11, mitochondrial isoform X2 [Ictidomys tridecemlineatus]",Eukaryota; Metazoa; Chordata; Craniata; Vertebrata; Euteleostomi; Mammalia; Eutheria; Euarchontoglires; Glires; Rodentia; Sciuromorpha; Sciuridae; Xerinae; Marmotini; Ictidomys,Ictidomys tridecemlineatus,1.0,1.0
XP_038718120.1,MSAAALRSGTSHFLRTQFSSNATLGCLGSSRYHSYENVAKLHTSHLFGNLVRNLGTLTAKRSNVLVPYQMSFHRLNHSGGENYTETGRTSEPRDFMNGIQGTETGRTSRPMDFARGIQYTETGRTSRPMDYVRGILEEDRRGMIGASQFPRYTIEQNADFVHIKLLRNNTFVTVTDSKGNTKCRASSGCLPEMKGGTKLSRYASEATAEHVGRLAKQMGLKSVVVKVKGFTYFKKKKQAIMSFREGFANSRSDQNPIVYLEDTTRRPHNGCRLPKRRRI,"probable ribosomal protein S11, mitochondrial [Tripterygium wilfordii]",Eukaryota; Viridiplantae; Streptophyta; Embryophyta; Tracheophyta; Spermatophyta; Magnoliopsida; eudicotyledons; Gunneridae; Pentapetalae; rosids; fabids; Celastrales; Celastraceae; Tripterygium,Tripterygium wilfordii,1.0,1.0
XP_039628950.1,MYKVCSSVCFVVRTACEQIFTQTLSVIFPPVPGQESSLRWQGKKYEELPIAHVKATYNNTHIQVTDHTGKYIARTSCGTEGFKNIKKATPVAAQTAGISAGAKAHIKGVLHVRVIVKGLGPGRMSAIKGLTMGGLEVVSITDNTPIPHNGCRPRKARRI,"28S ribosomal protein S11, mitochondrial isoform X2 [Polypterus senegalus]",Eukaryota; Metazoa; Chordata; Craniata; Vertebrata; Euteleostomi; Actinopterygii; Polypteriformes; Polypteridae; Polypterus,Polypterus senegalus,0.0,1.0
XP_031602485.1,MNKFSCILFSSLSTVCRQLSAPLNGSTASLCGSRALERTVCSSAVRHQEKEASSSAETAKDFSYLPPLPGHDSALRWAGKKFEDLPIVHIKATYNNTHIQLTDSAGQSVVRTSCGTEGFKNIKKSTPIAAQTAGISAAAKATAKGVSFVRVVVKGLGPGRLSAIKGLTMGGLEVVSITDNTPVPHNGCRPRKARRM,"28S ribosomal protein S11, mitochondrial [Oreochromis aureus]",Eukaryota; Metazoa; Chordata; Craniata; Vertebrata; Euteleostomi; Actinopterygii; Neopterygii; Teleostei; Neoteleostei; Acanthomorphata; Ovalentaria; Cichlomorphae; Cichliformes; Cichlidae; African cichlids; Pseudocrenilabrinae; Oreochromini; Oreochromis,Oreochromis aureus,1.0,1.0
Q950Z8_TETTH,MVQKKFNFKKDSFFYEGYVWNHSLNIIHDIQLNYLDKNSNAIAIKYAKTLNIMSSLYRNLTFKKFDFIKIWYWYYLYYIKNIYFKNLINKNNNYVFEKPNIFVFNIKSKQIRLAVLTSKNYVYNLTVGKILSSLNIKEKSKKKSNKGERLFSEYLENFFKNKNIRFGTKKLAIIKLKYFKKGFKLHESIFKTLNKNLFIINTIYDFKVPNNFFKFKKIRSIKKRIKKKLIKDENTLNF,Tetrahymena thermophila (Sar; Alveolata; Ciliophora); Q950Z8_TETTH,Sar; Alveolata; Ciliophora,Tetrahymena thermophila,0.0,2.0
XP_006415292.1,MNGLSRHLRASSLPSLFRGYGGIKSVCRFSSQSDGFSGGRFGEQGPVSGETEKNSSLPNTGRIGSSPDPNASSYKSFSDIKLGLSNTGSSTFKSFSEMRSGLLNKVGDGFSAPNAPPTFKNPMRPRLPNTLPDQSSQMNQGVPNTGVSGFSAPNATPNYQNFTQSTLLKDNFRSGGISKDLDFVRGVIEEDEGRRSTGLFSHFHRPNIETNADIIHIKMLRNNTFVTVTDSKGNVKCKATSGSLPDLKGGRKMTSYTADATAENIGRRVKVMGLKSVVVKVNGFTHFKKKRNAIIAFRNGYSNSRTDQNPIVYIEDTTRKAHNGCRLPRKRRV,"probable ribosomal protein S11, mitochondrial [Eutrema salsugineum]",Eukaryota; Viridiplantae; Streptophyta; Embryophyta; Tracheophyta; Spermatophyta; Magnoliopsida; eudicotyledons; Gunneridae; Pentapetalae; rosids; malvids; Brassicales; Brassicaceae; Eutremeae; Eutrema,Eutrema salsugineum,1.0,1.0
XP_002260329.1,MIKVISSLRKGAILGTFKELISPWCCNRSSNSLLCKRSLINGTITPSKSYTTLSEDAVKAITNLKEVVKKPDKKKKNITRETLKNCQGHKRRYKLFGDREEFHNIDRDKNNLIIEPTDSFRAVITTSKNNVHIQVVNKSKNYKTVFGSFAGNVGFTKTLQQSERCAYRIGENIAKKCRRLGIFSIDIKFRRIMRVETVLQAMYANNLNITQIIHEPRLPKCGLNASKPRKRRRV,"ribosomal protein S11, mitochondrial, putative [Plasmodium knowlesi strain H]",Eukaryota; Sar; Alveolata; Apicomplexa; Aconoidasida; Haemosporida; Plasmodiidae; Plasmodium; Plasmodium (Plasmodium),Plasmodium knowlesi strain H,1.0,2.0
XP_034486454.1,MSMKTTVLAGFNYLKQCALNAATPRSSCIHTSAFMRKVEDRKEMLASMPAKDEGTIGEKSVDIDTLINRKAKFFPDASTATELFNGIPFNELPVVNIRVSPNNTIISVTDYKGVPRLIRSCGIEGFKNTRKGTNIAAQATAVSISAKAVELGWKTIRVKVRGLGPGRMSAIKGLQMGGLNIVSVTDNTPVSWNPPRPRKQRSL,"28S ribosomal protein S11, mitochondrial [Drosophila innubila]",Eukaryota; Metazoa; Ecdysozoa; Arthropoda; Hexapoda; Insecta; Pterygota; Neoptera; Endopterygota; Diptera; Brachycera; Muscomorpha; Ephydroidea; Drosophilidae; Drosophila,Drosophila innubila,0.0,0.0
XP_459541.1,MISRSTKLAGRIPAAKIFAPAATFRSLSTTNTLRSEPISMSSNKHEEHQITNIIDPNMKQQLFKGRKNEKIVLWKLYGSFHRHNTLLSLVAVVEDQDFMEKNDHLTYNDKVLYYLQLPHHTKVHVSAGQLGFRKAQRSEYEAGYQVSSRMFKLIEERNLLGPNDKIELILKDFGKGREAFLAALQGKEGSKVKPNIIRISDNTKLQFGGSRPKKLRRL,mitochondrial 37S ribosomal protein YmS18 [Debaryomyces hansenii CBS767],Eukaryota; Fungi; Dikarya; Ascomycota; Saccharomycotina; Saccharomycetes; Saccharomycetales; Debaryomycetaceae; Debaryomyces,Debaryomyces hansenii CBS767,0.0,0.0
XP_001849182.1,MVLLKTFTATLANVLRRTAAAVPARTLHQSAPLFKVEDRKAMLASLPGKDEGTIGERSIDIDSMILKKDRFFPDADTPTTLFGGVPFNEIPICNIRVSPNNTIITICDAKGAPQFIRSCGIEGFKNTRKGTNIAAQATAISICTKAIERGYKTVRVTVRGLGPGRMSAIKGLEMAGMNIVSITDSTRVSWNPPRPRKQRKL,"28S ribosomal protein S11, mitochondrial [Culex quinquefasciatus]",Eukaryota; Metazoa; Ecdysozoa; Arthropoda; Hexapoda; Insecta; Pterygota; Neoptera; Endopterygota; Diptera; Nematocera; Culicoidea; Culicidae; Culicinae; Culicini; Culex; Culex,Culex quinquefasciatus,0.0,0.0
XP_035782437.1,MTFLQQFHLLASRHSAFLASNAVRTFHRSVALCKVEDRKAMLASLPSKDEGTVGERSIDIDSMIDKKVNIFPDATTPSTLFNGVPFNEIPICHIRVSPNNTIISITDAKGVPQFIRSCGIEGFKNTRKGTNIAAQATAISISSKAIERGYKTVRVTVRGLGPGRMSAIKGLEMAGLNIISITDTTPVSWNPPRPRKQRKL,"28S ribosomal protein S11, mitochondrial-like [Anopheles albimanus]",Eukaryota; Metazoa; Ecdysozoa; Arthropoda; Hexapoda; Insecta; Pterygota; Neoptera; Endopterygota; Diptera; Nematocera; Culicoidea; Culicidae; Anophelinae; Anopheles,Anopheles albimanus,0.0,0.0
XP_005694995.1,MQVVRNAGSWLLRSWAWPPTTRVVARVPAPTIHMSAQQMQDAAAKEEVEKAEIPAPAPSRSSFSIYPPFPGQESSLRWAGKKFEEIPIAHIKASYNNTQIQVVSAAHQPLARASCGTEGFRNAKKGTGIAAQTAGIAAAAKATGKGVTHVRVVVKGLGPGRLSAIKGLTMGGLEVISITDNTPIPHNGCRPRKARRL,"PREDICTED: 28S ribosomal protein S11, mitochondrial [Capra hircus]",Eukaryota; Metazoa; Chordata; Craniata; Vertebrata; Euteleostomi; Mammalia; Eutheria; Laurasiatheria; Artiodactyla; Ruminantia; Pecora; Bovidae; Caprinae; Capra,Capra hircus,1.0,1.0
XP_032955953.1,MQVVRNAGSRLLWSWAWPPTSRVVARAPAPSIHTGVHQLQDAAARKEAEEKTAAPAPALSRSSFSIYPPIPGQENSLRWAGKKFEEIPIAHIKASYNNTQIQVVSATNQPLARTSCGTEGFRNAKKGTGIAAQTAGIAAAAKAAGKGVTHIRVVVKGLGPGRLSAIKGLTMGGLAVISITDNTPIPHNGCRPRKARRL,"28S ribosomal protein S11, mitochondrial [Rhinolophus ferrumequinum]",Eukaryota; Metazoa; Chordata; Craniata; Vertebrata; Euteleostomi; Mammalia; Eutheria; Laurasiatheria; Chiroptera; Microchiroptera; Rhinolophidae; Rhinolophinae; Rhinolophus,Rhinolophus ferrumequinum,1.0,1.0
XP_037688926.1,MPASTDAAEGSRLGSIQDMQALRNTSFWLLRSWVCPRTTGVVSRVPAPMIHTGAQQLQDAAAKQEVEEKAAAPDRSNFSIYPPVPGQESSLRWAGKKFEEIPIAHIKASYNNTQIQVVSATNQPLAHASCGTEGFRNAKKGTGIAAQTTGIAAAAKATAKGVTHIRVVVKGLGPGRLSAIKGLTLGGLEVISITDNTPIPHNGCRPRKARRL,"28S ribosomal protein S11, mitochondrial [Choloepus didactylus]",Eukaryota; Metazoa; Chordata; Craniata; Vertebrata; Euteleostomi; Mammalia; Eutheria; Xenarthra; Pilosa; Folivora; Megalonychidae; Choloepus,Choloepus didactylus,0.0,1.0
KAF8054448.1,MARQTRKVAPTKIKKRAYRGIVYIQAGHHNTIITLANLRGEVLCWSSAGACGFRGKRKATTFAAKKAAEVVAKKSREFALNEAKILVTGPGQGRETAIREIFKAGIKVNVIREKTGIPHNGCRPPKKRRV,rps11 (chloroplast) [Scenedesmus sp. PABB004],Eukaryota; Viridiplantae; Chlorophyta; core chlorophytes; Chlorophyceae; Sphaeropleales; Scenedesmaceae; Scenedesmus; unclassified Scenedesmus,Scenedesmus sp. PABB004,0.0,2.0
XP_034423335.1,MLGSMIQFNKKIFLRNELFKAFIIQKENVIRGKCFMNDLKANNDRYRNFTTLSEEAVNAITNLKEVVKKQDKKKKNITRETLKNCQGHKRRYKLFGNREEFHNIDRDKNNLIIEPTDSFRAVITTSKNNVHIQVLNKSKNYKTIFNSFAGNVGFTKTLQQSERCAYRIGENIAKKCKRLGIFSIDIKFRRIMRVETVLQAMYANNLNITEIIHEPRLPKCGLNASKPRKRRRV,"mitochondrial ribosomal protein S11 precursor, putative [Plasmodium berghei ANKA]",Eukaryota; Sar; Alveolata; Apicomplexa; Aconoidasida; Haemosporida; Plasmodiidae; Plasmodium; Plasmodium (Vinckeia),Plasmodium berghei ANKA,1.0,2.0
YP_007890050.1,MDFPLISFFYKSLNYYKQLRLYFILNNYFKLHNILFTNLYIRLYRKRLLRIEDKNIRFFSNRLKRKNDKSLVVRYFMYNIYLFLRFESKNKIWNKRKKKYIYINKFKDCGNQYNFDPFYPMTTYLLSEFNLQRTNRLNFDVTKKKIVNLSFFDKRLGVVNFKFFNSYIFSLILSVYKKTNKKEFLYALRHNNLFFYNFLLFIKKRIQLFRYLLLELKKKLQCFFFIFNTFDLNMENDIFFNYIRYKNPLLISEYERIVKNVKLEREKYVNYYGLYSKYKNFYKLLLDFLKKPNRNCISSNFKVTKSSHRLHVNRYERLLKKIGGKYERLFRRFFILKNKSFYADENKELIYISILKYLSIFKSLFRFDYLNKYNNSKAVIYIKSTITNVFLYFIYNNKLLFKRTCGELEDVKKKERRFWRNIYPLVETLLPFISKMKSLYKFPYVSLYINGTSSLCSPLITRMRKYNKKYRRLVRFLFNELEFFNEKTLELKERFKGAYILYPIYRIKFFAICDGFNRLSKVFFAINKVKDLTSWPYNGCFNKKRKRKKKKKKNVR,ribosomal protein S11 (mitochondrion) [Naegleria fowleri],Eukaryota; Discoba; Heterolobosea; Tetramitia; Eutetramitia; Vahlkampfiidae; Naegleria,Naegleria fowleri,1.0,1.0
XP_036698544.1,MQVVRNAGSWLLRLWVWPPTTRVAVAGVPAPTIHTSAQQMQDAAAKPEVEKAKAPAPAPSRSSFSIYPPIPGQESSLRWAGKKFEEIPIAHIKASYNNTQIQVVSAAHQPLARASCGTEGFQNAKKGTGIAAQTAGIAAAVKATGKGVTHVRVVVKGLGPGRLSAIKGLTMGGLEVISITDNTPIPHNGCRPRKARRL,"28S ribosomal protein S11, mitochondrial [Balaenoptera musculus]",Eukaryota; Metazoa; Chordata; Craniata; Vertebrata; Euteleostomi; Mammalia; Eutheria; Laurasiatheria; Artiodactyla; Whippomorpha; Cetacea; Mysticeti; Balaenopteridae; Balaenoptera,Balaenoptera musculus,0.0,1.0
XP_008403052.1,MFNFRCVFNSASALCRQLLTPLNVNGTISQCGSRRLPQQRPLFLSSVRHQEAEASTGKDFSYFPPMPGEDSPLRWAGKKFEELPIIHIKATYNNTHIQLTDSSGQSLVRTSCGTEGFKNSKKSTPIAAQTAGISAAAKATVKGVTFVRVVVKGLGPGRLSAIKGLTMGGLQVVSITDDTPVPHNGCRPRKARRI,"PREDICTED: 28S ribosomal protein S11, mitochondrial [Poecilia reticulata]",Eukaryota; Metazoa; Chordata; Craniata; Vertebrata; Euteleostomi; Actinopterygii; Neopterygii; Teleostei; Neoteleostei; Acanthomorphata; Ovalentaria; Atherinomorphae; Cyprinodontiformes; Poeciliidae; Poeciliinae; Poecilia,Poecilia reticulata,1.0,0.0
XP_017334520.1,MYQIKFALSSLVRGACQQLIKPLNLSGRKTGGNVLRTLYSSSVRLQEAEAPSQELTFSTTSPKSSKEFSAYPPFPGQDSGLSWAGKKFEELPIVHIKATYNNTHIQVTDSEGQSMARTSCGTEGFRNIKKSTPIAAQTTGISAAAKAQAKGVTFVRVLVKGLGPGRLSAIKGLTMGGLEIVSITDNTPVPHNGCRPRKARRM,"PREDICTED: 28S ribosomal protein S11, mitochondrial [Ictalurus punctatus]",Eukaryota; Metazoa; Chordata; Craniata; Vertebrata; Euteleostomi; Actinopterygii; Neopterygii; Teleostei; Ostariophysi; Siluriformes; Ictaluridae; Ictalurus,Ictalurus punctatus,1.0,1.0
XP_015829732.1,MFKFNCVLFNSASIVCRQFVASLNGNGTSLVGSRGTPLQRTLFSSAVRHQEAEASETKSGKEFSFYPPMPGQDSALSWGGKKFDELPIVHIKATYNNTHIQLIDSTGQPMVRTSCGTEGFKNIKKSTPIASQTAGISAAAKATAKGVTFVRVVVKGLGPGRLSAIKGLAMGGLEVVSITDNTPVPHNGCRPRKARRM,"PREDICTED: 28S ribosomal protein S11, mitochondrial [Nothobranchius furzeri]",Eukaryota; Metazoa; Chordata; Craniata; Vertebrata; Euteleostomi; Actinopterygii; Neopterygii; Teleostei; Neoteleostei; Acanthomorphata; Ovalentaria; Atherinomorphae; Cyprinodontiformes; Nothobranchiidae; Nothobranchius,Nothobranchius furzeri,1.0,1.0
XP_028257756.1,MYKLVNSVRIVCRQLAVPIDANGISLYASRTLCSSAVGQQEAEASSAGSRKTFSLFPPMPGQDSALRWGGKKFEELPIIHIKATYNNTHIHLTDSEGHSMVRTSCGTEGFKNIKKSTPIAAQTAGISAASKSTAKGVTFVRVVVKGPGPGRQPAIQGLTMGGLQVVSITDNTPVPHNGCRPRKARRM,"28S ribosomal protein S11, mitochondrial [Parambassis ranga]",Eukaryota; Metazoa; Chordata; Craniata; Vertebrata; Euteleostomi; Actinopterygii; Neopterygii; Teleostei; Neoteleostei; Acanthomorphata; Ovalentaria; Ambassidae; Parambassis,Parambassis ranga,1.0,1.0
XP_012729474.2,MINFRCILFNSVSAVCRQLVPALSATGTLSRCGSRGLPLHRTLFSSAARLQEAEATAGKDFSYFPPLPGQDSALRWGGKKFEELPIVQIKATYNNTHIQLSDSAGQSLVRTSCGTEGFKNIKKSTPIAAQTAGISAAGKATAKGVTFVRVVVKGLGPGRLSAIKGLTMGGLEVVSITDNTPVPHNGCRPRKARRM,"28S ribosomal protein S11, mitochondrial [Fundulus heteroclitus]",Eukaryota; Metazoa; Chordata; Craniata; Vertebrata; Euteleostomi; Actinopterygii; Neopterygii; Teleostei; Neoteleostei; Acanthomorphata; Ovalentaria; Atherinomorphae; Cyprinodontiformes; Fundulidae; Fundulus,Fundulus heteroclitus,1.0,1.0
XP_021830271.1,MYSSLSRLSSSLVHRLARCQGQLIASRSFSVSGTPPGPIDNFQQGFNSFGNVERNSRSMNFVRGILEEDGKDNFGFSQFPRYNMEQNADIVHLKLMKNNTFVTVTDSKGNKKLGASAGSLPGMKGGPKLSKYAAEATAEHVGRMARNFGLKSVVVKVKGFTYFKKKRQAIVSWKEGFTNSKVGLNPVVYIEDTTRKPHNGCRLPKKRRV,"probable ribosomal protein S11, mitochondrial [Prunus avium]",Eukaryota; Viridiplantae; Streptophyta; Embryophyta; Tracheophyta; Spermatophyta; Magnoliopsida; eudicotyledons; Gunneridae; Pentapetalae; rosids; fabids; Rosales; Rosaceae; Amygdaloideae; Amygdaleae; Prunus,Prunus avium,1.0,1.0
XP_008622095.1,MLSSMIQFNKKIFLKNELFKTFIVQKENALKGIYFMTNLKTNNDRYRNFTTLSEEAVNAITNLKEVVKKQDKKKKNITRETLKNCQGHKRRYKLFGDREEFHNIDRDKNNLIIEPTDSFRAVITTSKNNVHIQVLNKSKNYKTIFNSFAGNVGFTKSLQQSERCAYRIGENIAKKCKRLGIFSIDIKFRRIMRVETVLQAMYANNLNITQIIHEPRLPKCGLNASKPRKRRRV,"mitochondrial ribosomal protein S11 precursor, putative [Plasmodium vinckei vinckei]",Eukaryota; Sar; Alveolata; Apicomplexa; Aconoidasida; Haemosporida; Plasmodiidae; Plasmodium; Plasmodium (Vinckeia),Plasmodium vinckei vinckei,1.0,2.0
CAD2100476.1,MLSSMIQFNKKIFLRNELFKSFIVQKENALKGICFMTNLKTNNDRYRNFTTLSEEAVNAITNLKEVVKKQDKKKKNITRETLKNCQGHKRRYKLFGDREEFHNIDRDKNNLIIEPTDSFRAVITTSKNNVHIQVLNKSKNYKTIFNSFAGNVGFTKSLQQSERCAYRIGENIAKKCKRLGIFSIDIKFRRIMRVETVLQAMYANNLNITQIIHEPRLPKCGLNASKPRKRRRV,"mitochondrial ribosomal protein S11 precursor, putative [Plasmodium vinckei lentum]",Eukaryota; Sar; Alveolata; Apicomplexa; Aconoidasida; Haemosporida; Plasmodiidae; Plasmodium; Plasmodium (Vinckeia),Plasmodium vinckei lentum,1.0,2.0
CAD2100347.1,MLSSMIQFNKKIFLRNEIFKTFIVQKENALKGICFMTNLKTNNDRYRNFTTLSEEAVNAITNLKEVVKKQDKKKKNITRETLKNCQGHKRRYKLFGDREEFHNIDRDKNNLIIEPTDSFRAVITTSKNNVHIQVLNKSKNYKTIFNSFAGNVGFTKSLQQSERCAYRIGENIAKKCKRLGIFSIDIKFRRIMRVETVLQAMYANNLNITQIIHEPRLPKCGLNASKPRKRRRV,"mitochondrial ribosomal protein S11 precursor, putative [Plasmodium vinckei brucechwatti]",Eukaryota; Sar; Alveolata; Apicomplexa; Aconoidasida; Haemosporida; Plasmodiidae; Plasmodium; Plasmodium (Vinckeia),Plasmodium vinckei brucechwatti,1.0,2.0
XP_745767.2,MLSSMIQFNKKIFLRNELFKTFIAPKENVVKGICFMNNLKTNNDRYRKFTTLSEEAVNAITNLKEVVKKQDKKKKNITRETLKNCQGHKRKYKLFGDREEFHNIDRDKNNLIIEPTDSFRAVITTSKNNVHIQVLNKSKNYKTIFNSFAGNVGFTKSLQQSERCAYRIGENIAKKCKRLGIFSIDIKFRRIMRVETVLQAMYANNLNITQIIHEPRLPKCGLNASKPRKRRRV,"mitochondrial ribosomal protein S11 precursor, putative [Plasmodium chabaudi chabaudi]",Eukaryota; Sar; Alveolata; Apicomplexa; Aconoidasida; Haemosporida; Plasmodiidae; Plasmodium; Plasmodium (Vinckeia),Plasmodium chabaudi chabaudi,1.0,2.0
SCM12134.1,MLSSMIQFNKKIFLRNELFKTFIVQKENVVKGICFMNNLKTNNDRYRNFTTLSEEAVNAITNLKEVVKKQDKKKKNITRETLKNCQGHKRKYKLFGDREEFHNIDRDKNNLIIEPTDSFRAVITTSKNNVHIQVLNKSKNYKTIFNSFAGNVGFTKSLQQSERCAYRIGENIAKKCKRLGIFSIDIKFRRIMRVETVLQAMYANNLNITQIIHEPRLPKCGLNASKPRKRRRV,"mitochondrial ribosomal protein S11 precursor, putative [Plasmodium chabaudi adami]",Eukaryota; Sar; Alveolata; Apicomplexa; Aconoidasida; Haemosporida; Plasmodiidae; Plasmodium; Plasmodium (Vinckeia),Plasmodium chabaudi adami,1.0,2.0
SPJ12911.1,MNVLSKNRNLVNYKTMFSSPMYMNIYINHFVNKLINVYSEKSINFTTLSSDAVKAITNLKESVKRPDKKKKNITRETLKNCQGHKRRYKLFGDREEFHNIDRDKNNLIIEPTDSFRAVITTSKNNVHIQVVNKSKNYKTIFGSFAGNVGFTKTLQQSERCAYRIGENIAKKCRRLGIFSIDIKFRRIMRVETVLQAMYANNLNITQIIHEPRLPKCGLNASKPRKRRRV,"mitochondrial ribosomal protein S11 precursor, putative [Plasmodium sp. DRC-Itaito]",Eukaryota; Sar; Alveolata; Apicomplexa; Aconoidasida; Haemosporida; Plasmodiidae; Plasmodium; Plasmodium (Laverania),Plasmodium sp. DRC-Itaito,1.0,2.0
XP_036399928.1,MNKIGRQICTFVRGACKHVTGSVRTGSFAVNGNARTVSTTAVRLQESVQPSTDLSENQSRDFSFYPPLPGQESSLRWGGKKFEELPIAHIKATYNNTLIQVTDNQGQSMVRTSCGTEGFRNAKRGTPIAAQTAGISAGAKAQAKGVTFVRVLVKGLGPGRLPAIKGLTMGGLEVVSITDNTPVPHNGCRPRKARRM,"28S ribosomal protein S11, mitochondrial isoform X1 [Megalops cyprinoides]",Eukaryota; Metazoa; Chordata; Craniata; Vertebrata; Euteleostomi; Actinopterygii; Neopterygii; Teleostei; Elopiformes; Megalopidae; Megalops,Megalops cyprinoides,0.0,1.0
XP_003437616.1,MKKFSCILFSSLSTVCRQLSAPLNGSTASLCGSRALQRTVCSSAVRHQEKEASSSAETAKDFSYLPPLPGHDSALRWGGKKFEDLPIVHIKATYNNTHIQLTDSAGQSVVRTSCGTEGFKNIKKSTPIAAQTAGISAAAKATAKGVSFVRVVVKGLGPGRLSAIKGLTMGGLEVVSITDNTPVPHNGCRPRKARRM,"28S ribosomal protein S11, mitochondrial [Oreochromis niloticus]",Eukaryota; Metazoa; Chordata; Craniata; Vertebrata; Euteleostomi; Actinopterygii; Neopterygii; Teleostei; Neoteleostei; Acanthomorphata; Ovalentaria; Cichlomorphae; Cichliformes; Cichlidae; African cichlids; Pseudocrenilabrinae; Oreochromini; Oreochromis,Oreochromis niloticus,1.0,1.0
KAF6078694.1,MQVARNAGSRFLRSWVWPSTSRVVARAPAATIHRGAQQLQDAAAKQDVEKTAAPAPAPAPAPSRSSFSIYPPVPGQESSLRWAGRTFEEIPIAHIKASYNNTQIQVVSAANQPLARTSCGTEGFRNAKKGTGLAAQTAGIAAAAKATGKGVTHVRVVVKGLGPGRLAAIKGLTMGGLEVISITDNTPIPHNGCRPRKARRL,mitochondrial ribosomal protein S11 [Phyllostomus discolor],Eukaryota; Metazoa; Chordata; Craniata; Vertebrata; Euteleostomi; Mammalia; Eutheria; Laurasiatheria; Chiroptera; Microchiroptera; Phyllostomidae; Phyllostominae; Phyllostomus,Phyllostomus discolor,1.0,1.0
XP_011223702.1,MQVVRKTGSWLLRAWAWPPTPSRVVAGAPASTIHTGAQQLQDAAAKQEIEEKVAAPAPSRSSFSIYPPVPGQESPLRWAGKKFEEIPIAHIKASYNNTQIQVVSAAHQPLARTSCGTEGFRNAKKGTGIAAQTAGIAAAVKAVGKGVTHIRVVVKGLGPGRLSAIKGLTMGGLEVISITDNTPIPHNGCRPRKARRL,"28S ribosomal protein S11, mitochondrial isoform X1 [Ailuropoda melanoleuca]",Eukaryota; Metazoa; Chordata; Craniata; Vertebrata; Euteleostomi; Mammalia; Eutheria; Laurasiatheria; Carnivora; Caniformia; Ursidae; Ailuropoda,Ailuropoda melanoleuca,1.0,1.0
XP_017849265.1,MSIKTTLLAGIQTIKSCARLSPNVSFIHTSANLRKAEDRKEMLASLPAKDEGTVGERSVDIDTLINRKAKFFPDASTATQLFNGIPFNELPICNIRVSPNNTIISVTDYKGVPRLIRSCGIEGFKNTRKGTNIAAQATAVNISSKAVELGWKTIRVKVRGLGPGRMSAIKGLQMGGLNIVSITDNTRVSWNPPRPRKQRSL,"28S ribosomal protein S11, mitochondrial [Drosophila busckii]",Eukaryota; Metazoa; Ecdysozoa; Arthropoda; Hexapoda; Insecta; Pterygota; Neoptera; Endopterygota; Diptera; Brachycera; Muscomorpha; Ephydroidea; Drosophilidae; Drosophila,Drosophila busckii,0.0,0.0
XP_030232900.1,MFKLNCSLVGSIKKLCCSSRGAAGVQRAVGTSSAGQQEPTAAAGGAKEPAKDFSLYAPLPGQESSLRWAGHKFDQLPIAHIKATYNNTHVQVTDSAGLSLVRTSCGTEGFKNIKKSTPIAAQTAGHSAAMKAVAKGVTYVRVMVKGLGPGRLSAIKGLSMGGIEVVSITDNTPVPHNGCRPRKARRI,"28S ribosomal protein S11, mitochondrial [Gadus morhua]",Eukaryota; Metazoa; Chordata; Craniata; Vertebrata; Euteleostomi; Actinopterygii; Neopterygii; Teleostei; Neoteleostei; Acanthomorphata; Zeiogadaria; Gadariae; Gadiformes; Gadoidei; Gadidae; Gadus,Gadus morhua,0.0,1.0
XP_002055805.2,MFMKTTVLAGIHFIKKCTANAVSSRSSYIHTSAFLSKSEDRKEMLASMPAKDEGTIGEKSVDIDTLLNRRAKSFPDASTATQLFNGIPFNELPICNIRVSPNNTIISVTDYKGVPRLIRSCGVEGFKNTRKGTNIAAQATAVSISGKAVELGWKTIRVKVRGLGPGRMSAIKGLQMGGLNIVSITDNTPVSWNPPRPRKQRSL,"28S ribosomal protein S11, mitochondrial [Drosophila virilis]",Eukaryota; Metazoa; Ecdysozoa; Arthropoda; Hexapoda; Insecta; Pterygota; Neoptera; Endopterygota; Diptera; Brachycera; Muscomorpha; Ephydroidea; Drosophilidae; Drosophila,Drosophila virilis,0.0,0.0
Q8IKT3_PLAF7,MNVLSKNKSLVNYKTIFSSPIYMNICINHFVNKLINVYSAKSLKFTTLSSDAVKAITNLKESVKKPDKKKKNITRETLKNCQGHKRRYKLFGDREEFHNIDRDKNNLIIEPTDSFRAVITTSKNNVHIQVVNKSKNYKTIFGSFAGNVGFTKTLQQSERCAYRIGENIAKKCRRLGIFSIDIKFRRIMRVETVLQAMYANNLNITQIIHEPRLPKCGLNASKPRKRRRV,Plasmodium falciparum (Sar; Alveolata; Apicomplexa); Q8IKT3_PLAF7,Sar; Alveolata; Apicomplexa,Plasmodium falciparum,1.0,2.0
XP_001348693.1,MNVLSKNKSLVNYKTIFSSPIYMNICINHFVNKLINVYSAKSLKFTTLSSDAVKAITNLKESVKKPDKKKKNITRETLKNCQGHKRRYKLFGDREEFHNIDRDKNNLIIEPTDSFRAVITTSKNNVHIQVVNKSKNYKTIFGSFAGNVGFTKTLQQSERCAYRIGENIAKKCRRLGIFSIDIKFRRIMRVETVLQAMYANNLNITQIIHEPRLPKCGLNASKPRKRRRV,"mitochondrial ribosomal protein S11 precursor, putative [Plasmodium falciparum 3D7]",Eukaryota; Sar; Alveolata; Apicomplexa; Aconoidasida; Haemosporida; Plasmodiidae; Plasmodium; Plasmodium (Laverania),Plasmodium falciparum 3D7,1.0,2.0
XP_006178605.1,MQVVRNAGSQLLRSWAWPPTARVVATVPAPTIHTGAQQLQDAAAKQEVEAKAEAPAPSRSSFSIYPPVPGQESSLRWAGKKFEEIPIAHIKASYNNTQIQVVSATHQPLACTSCGTEGFRNAKKGTGIAAQTAGIAAAAKATGKGVTHVRVVVKGLGPGRLSAIKGLTMGGLEVISITDNTPIPHNGCRPRKARRL,"28S ribosomal protein S11, mitochondrial [Camelus ferus]",Eukaryota; Metazoa; Chordata; Craniata; Vertebrata; Euteleostomi; Mammalia; Eutheria; Laurasiatheria; Artiodactyla; Tylopoda; Camelidae; Camelus,Camelus ferus,1.0,1.0
YP_536974.1,MARQIKKSGARKTKRNAVNGITHIKSTFNNTIVTITNLKGETLSWSSSGASGFKGAKKGTPFAAQTAAEKAARQAMDQGMRQTEVLVNGPGAGRETAIRALQAAGLEITLIKDITPVPHNGCRPPKKRRV,ribosomal protein S11 (chloroplast) [Neopyropia yezoensis],Eukaryota; Rhodophyta; Bangiophyceae; Bangiales; Bangiaceae; Neopyropia,Neopyropia yezoensis,0.0,1.0
XP_032197966.1,MQAVRKTGSWLLRSWGWPPTPRVVAGAPASTIHTGAQQLQDAAAKQEVKEKAADPAPRRSSFSIYPPVPGQESPLRWAGKKFEEIPIAHIKASYNNTQIQVVSAAHQPLARTSCGTEGFRNAKKATGIAAQTAGIAAAVKAAGKGVTHIRVVVKGLGPGRLSAIKGLTMGGLEVISITDNTPIPHNGCRPRKARRL,"28S ribosomal protein S11, mitochondrial [Mustela erminea]",Eukaryota; Metazoa; Chordata; Craniata; Vertebrata; Euteleostomi; Mammalia; Eutheria; Laurasiatheria; Carnivora; Caniformia; Mustelidae; Mustelinae; Mustela,Mustela erminea,0.0,1.0
VWU49195.1,MLKNILILNKNLFIRYNHDCIIRSFLSSRNCASTKIINVSDNHVIRKFTTLSEEAVKAITNLKESVKTQDKKKKNITRETLKNCQGHKRKYKLFGDREEFHNIDRDKNNLIIEPTDSFRAVITTSKNNVHIQVVNKSKNYKTVFGSFAGNVGFTKTLQQSERCAYRVGENIAKKCKRLGIFLLDVKFRRIMRVETVLQAMYANNLNITQIIHEPRLPKCGLNASKPRKRRRV,"mitochondrial ribosomal protein S11 precursor, putative [Hepatocystis sp. ex Piliocolobus tephrosceles]",Eukaryota; Alveolata; Apicomplexa; Aconoidasida; Haemosporida; Plasmodiidae; Hepatocystis; unclassified Hepatocystis,Hepatocystis sp. ex Piliocolobus tephrosceles,1.0,2.0
XP_023042888.1,MQAVRNVGSWFLRSWTWPQTTGVVARTPARTIHTDARQLQDAVAKQKVEEKAAAPSHTRFSIYPPIPGEESSLRWAGKKFEEIPIAHIKASYNNTQIQVVSASNEPLARASCGTEGFKNAKKGTGIAAQTAGIAAAAKATQKGVTHIRVVVKGLGPGRLSAIHGLTMGGLEVISITDNTPIPHNGCRPRKARRL,"28S ribosomal protein S11, mitochondrial [Piliocolobus tephrosceles]",Eukaryota; Metazoa; Chordata; Craniata; Vertebrata; Euteleostomi; Mammalia; Eutheria; Euarchontoglires; Primates; Haplorrhini; Catarrhini; Cercopithecidae; Colobinae; Piliocolobus,Piliocolobus tephrosceles,0.0,1.0
XP_032416437.1,MFNFRCVFNSASTLCRQLITPLNVSGTASHHFPPMPGQDSPLRWAGKKFEELPIIHIKATYNNTHIQLTDSAGQSLVRTSCGTEGFKNSKKSTPIAAQTAGISAAAKATVKGVTFVRVVVKGLGPGRLSAIKGLTMGGLQVISITDNTPVPHNGCRPRKARRI,"28S ribosomal protein S11, mitochondrial isoform X2 [Xiphophorus hellerii]",Eukaryota; Metazoa; Chordata; Craniata; Vertebrata; Euteleostomi; Actinopterygii; Neopterygii; Teleostei; Neoteleostei; Acanthomorphata; Ovalentaria; Atherinomorphae; Cyprinodontiformes; Poeciliidae; Poeciliinae; Xiphophorus,Xiphophorus hellerii,0.0,1.0
XP_038903066.1,MPKLSLSHLYSLFRSSSLRHGPSFSPSRLSISPFIGSDSRSSMSSIHRSDLTGSIRLDNQLSGCLDLSQGDSANVGREIVGRGWKSTGAQGSCWSLGRSSECVSVSHSTSYRCYGQYDNRPNADTGRNLNSMSFVRDTLEEGGRYFTGSSRFFRQPNMEHNADIVHVKLLRNNTFITVTDNKGNTKLKASAGRLEELKGGPKLSRYAAEAVAEYVGRESRKLGLKSVVMRVKGFTIFKRKRQAIISWRAGFTDSRSDQNPIVYIEDTTRRAHNGCRLPKQRRV,"probable ribosomal protein S11, mitochondrial [Benincasa hispida]",Eukaryota; Viridiplantae; Streptophyta; Embryophyta; Tracheophyta; Spermatophyta; Magnoliopsida; eudicotyledons; Gunneridae; Pentapetalae; rosids; fabids; Cucurbitales; Cucurbitaceae; Benincaseae; Benincasa,Benincasa hispida,0.0,1.0
XP_034117471.1,MSMKLTILAGINCLKQCALNAATPKNSLMHTSACLRKVEDRKEMLASMPAKDEGTLGEKSVDIDTLIDRKAKFFPDASTATQLFNGIPFNELPIVNIRVSPNNTIISVTDYKGVPRLIRSCGIEGFKNTRKGTNIAAQATAVTISAKAVELGWKTIRVKVRGLGPGRMSAIKGLQMGGLNIVSVTDNTPVSWNPPRPRKQRSL,"28S ribosomal protein S11, mitochondrial [Drosophila albomicans]",Eukaryota; Metazoa; Ecdysozoa; Arthropoda; Hexapoda; Insecta; Pterygota; Neoptera; Endopterygota; Diptera; Brachycera; Muscomorpha; Ephydroidea; Drosophilidae; Drosophila,Drosophila albomicans,0.0,0.0
KLO86875.1,MSRSLTSRLAAQSLFQSSRASFQKSSFQFARSISQTKSNRDDKPRRAPSRSSTASLLENIYGPSETSKTRPSSNNAMANLSQSLVFQTLDKSSNIDTSPLSRDTRRQAEAKEDDLEPYHFHIYSHKHNTHITCTKPNREPIISLSAGNIGFRKSRRGLFDSAYSLTKYVLERLIHNGWPMKMNRLEVVLRGFGQGREAALKVLMSPEGKVLRDKIVRVADSTRIKFGGTRSEKPRRL,"ribosomal protein YmS18, mitochondrial [Fusarium fujikuroi]",Eukaryota; Fungi; Dikarya; Ascomycota; Pezizomycotina; Sordariomycetes; Hypocreomycetidae; Hypocreales; Nectriaceae; Fusarium; Fusarium fujikuroi species complex,Fusarium fujikuroi,0.0,0.0
XP_023430903.1,MSRSLTSRLAAQSLFQSSRANFQKSSFQFARSISQTKSNRDDKPRRAPSRSSTASLLENIYGPSETSKTRPSSNNAMANLSQSLVFQTLDKSSNIDTSPLSRDTRRQAEAKEDDLEPYHFHIYSHKHNTHITCTKPNREPIISLSAGNIGFRKSRRGLFDSAYSLTKYVLERLIHNGWPMKMNRLEVVLRGFGQGREAALKVLMSPEGKVLRDKIVRVADSTRIKFGGTRSEKPRRL,"related to ribosomal protein YmS18, mitochondrial [Fusarium fujikuroi IMI 58289]",Eukaryota; Fungi; Dikarya; Ascomycota; Pezizomycotina; Sordariomycetes; Hypocreomycetidae; Hypocreales; Nectriaceae; Fusarium; Fusarium fujikuroi species complex,Fusarium fujikuroi IMI 58289,0.0,0.0
YP_008520019.1,MNQKLNKGKRKINLSLGFACIHSTFNNTIISITDPKGNVVTWASAGSSGFKGSRKKTQYAAQMAAKNASAKALKLGIKKVGVILNGPGNGREIAIKGIHATGLEIISIEDKTGVPHNGCRAPKRRRV,ribosomal protein S11 (chloroplast) [Nannochloropsis oceanica],Eukaryota; Sar; Stramenopiles; Ochrophyta; Eustigmatophyceae; Eustigmatales; Monodopsidaceae; Nannochloropsis,Nannochloropsis oceanica,0.0,1.0
XP_003901394.1,MQAVRNVGSWFLRSWTWPQTTGVVARTPARTIHTDARQLQDAAAKQEDEEKKAAPSHTRFSIYPPIPGEESSLRWAGKKFEEIPIAHIKASYNNTQIQVVSASNEPLARASCGTEGFRNSKKGTGIAAQTAGVAAAAKATQKGVTHIRVVVKGLGPGRLSAIHGLTMGGLEVISITDNTPIPHNGCRPRKARRL,"28S ribosomal protein S11, mitochondrial isoform X1 [Papio anubis]",Eukaryota; Metazoa; Chordata; Craniata; Vertebrata; Euteleostomi; Mammalia; Eutheria; Euarchontoglires; Primates; Haplorrhini; Catarrhini; Cercopithecidae; Cercopithecinae; Papio,Papio anubis,1.0,1.0
XP_017141438.1,MYIKAILNAVRYAKRVNLPVQMPLSTSSIHTSVCSRKAEDRKEMLASLPAKDEGTVGEKSVDIDTLINRKSKFFPDAAIATQLFNGMPFNELPVCNIRVSPNNTIISVTDYKGVPRIIRSCGIEGFKNTRKGTNIAAQATAVSISAKAIELGWKTIRVKVRGLGPGRMSAIKGLQMGGLNIVSITDNTPVSWNPPRPRKQRSL,"28S ribosomal protein S11, mitochondrial [Drosophila miranda]",Eukaryota; Metazoa; Ecdysozoa; Arthropoda; Hexapoda; Insecta; Pterygota; Neoptera; Endopterygota; Diptera; Brachycera; Muscomorpha; Ephydroidea; Drosophilidae; Drosophila; Sophophora,Drosophila miranda,0.0,0.0
XP_454285.1,MLRTLVRLFSSTARTNQDVASILFSSVKGSEKAPVMEDTNVVQPNTLRGSNKKGRVDEAVIKYILNCRFTKNNTHFTYSAVMEDRNFLANNPQLSYNEKYLYYLKLPQQVKFHLSTGHLGFRKAARGEYEASFQTATKLFETLYQKKLLDKNIEIVMRDFGKGRDAFISALNGKEGNLIRRHISRVADATELKFGGVKAPRPRRL,mitochondrial 37S ribosomal protein YmS18 [Kluyveromyces lactis],Eukaryota; Fungi; Dikarya; Ascomycota; Saccharomycotina; Saccharomycetes; Saccharomycetales; Saccharomycetaceae; Kluyveromyces,Kluyveromyces lactis,0.0,0.0
XP_004056767.1,MQAVRNAGSWFLRSWTWPQTAGRVVARTPAGTICTGARQLQDAAAKQKVEQNAAPSHTKFSIYPPIPGEESSLRWAGKKFEEIPIAHIKASHNNTQIQVVSASNEPLAFASCGTEGFRNAKKGTGIAAQTAGIAAAARAKQKGVIHIRVVVKGLGPGRLSAMHGLIMGGLEVISITDNTPIPHNGCRPRKARKL,"28S ribosomal protein S11, mitochondrial isoform X1 [Gorilla gorilla gorilla]",Eukaryota; Metazoa; Chordata; Craniata; Vertebrata; Euteleostomi; Mammalia; Eutheria; Euarchontoglires; Primates; Haplorrhini; Catarrhini; Hominidae; Gorilla,Gorilla gorilla gorilla,1.0,1.0
XP_034660875.1,MYIKRAILSAVSFAKRATLPLGPLSSSQIHTSVCSRKAEDRKEMLASMPAKDEGTVGEKSVDIDTLINRKAKFFPDATLATQLFNGMPFNELPVCNIRVSPNNTIISVTDYKGVPRLIRSCGIEGFKNTRKGTNIAAQATAVSISAKAIELGWKTIRVKVRGLGPGRMSAIKGLQMGGLNIVSITDNTPVSWNPPRPRKQRSL,"28S ribosomal protein S11, mitochondrial [Drosophila subobscura]",Eukaryota; Metazoa; Ecdysozoa; Arthropoda; Hexapoda; Insecta; Pterygota; Neoptera; Endopterygota; Diptera; Brachycera; Muscomorpha; Ephydroidea; Drosophilidae; Drosophila; Sophophora,Drosophila subobscura,0.0,0.0
EHH27570.1,MQAVRNVGSWFLRSWTWPQTTGRVVARTPARTIHTDARQLQDAAAKQEVEEKAAAPSHTRFSIYPPIPGEESSLRWAGKKFEEIPIAHIKASYNNTQIQVVSASNEPLARASCGTEGFRNSKKGTGIAAQTAGIAAAAKATQKGVTHIRVVVKGLGPGRLSAIHGLTMGGLEVISITDNTPIPHNGCRPRKARRL,"28S ribosomal protein S11, mitochondrial [Macaca mulatta]",Eukaryota; Metazoa; Chordata; Craniata; Vertebrata; Euteleostomi; Mammalia; Eutheria; Euarchontoglires; Primates; Haplorrhini; Catarrhini; Cercopithecidae; Cercopithecinae; Macaca,Macaca mulatta,1.0,1.0
TWW67179.1,MYTLNCTLINSVSNVCRQLTASLKTNGICATSALQRTLSSSAVRLHDTKEYATTSVESSTFSQLPPLPGQDSPLRWAGKSFEELPIAHIKATYNNTHIQVTDSEGKSMVRTSCGTEGFRNIKKSTPIAAQTAGISAAAKATAKGLLFVRVVIKGLGPGRLSAIKGLTMGGLEVVSITDNTPVPHNGCRPRKARRM,"28S ribosomal protein S11, mitochondrial [Takifugu flavidus]",Eukaryota; Metazoa; Chordata; Craniata; Vertebrata; Euteleostomi; Actinopterygii; Neopterygii; Teleostei; Neoteleostei; Acanthomorphata; Eupercaria; Tetraodontiformes; Tetradontoidea; Tetraodontidae; Takifugu,Takifugu flavidus,0.0,1.0
XP_004489233.1,MFRYLSSSIFHAPRSFLAASKSSLSSHLGYVRGFSSASRGLNGLNQSENVNANPSARPNFMQDRENINSKSENNAESGGSFRHMDFVRGVVDEDTRGLMGGFMGGSYNQYLYEHDADYVHIKMLRNNTFVTVTDAKGNVKLSGSAGSLKDMKSGQKLSRYAAEATAEVVGRRARSLGLKSVVMKVNGFTHFRRKRQAILSWREGFTDSRGDKNPIVYIEDTTRRPHNGCRLPKSRRI,"probable ribosomal protein S11, mitochondrial [Cicer arietinum]",Eukaryota; Viridiplantae; Streptophyta; Embryophyta; Tracheophyta; Spermatophyta; Magnoliopsida; eudicotyledons; Gunneridae; Pentapetalae; rosids; fabids; Fabales; Fabaceae; Papilionoideae; 50 kb inversion clade; NPAAA clade; Hologalegina; IRL clade; Cicereae; Cicer,Cicer arietinum,1.0,1.0
XP_727408.1,MLSSMIQFNKKIFLRNELFKTFIIQKENVIKGKCFMNLKTNNDRYRNFTTLSEEAVNAITNLKEVVKKQDKKKKNITRETLKNCQGHKRRYKLFGNREEFHNIDRDKNNLIIEPTDSFRAVITTSKNNVHIQVLNKSKNYKTIFNSFAGNVGFTKTLQQSERCAYRIGENIAKKCKRLGIFSIDIKFRRIMRVETVLQAMYANNLNITEIIHEPRLPKCGLNASKPRKRRRV,"mitochondrial ribosomal protein S11 precursor, putative [Plasmodium yoelii]",Eukaryota; Sar; Alveolata; Apicomplexa; Aconoidasida; Haemosporida; Plasmodiidae; Plasmodium; Plasmodium (Vinckeia),Plasmodium yoelii,1.0,2.0
XP_010360597.1,MQAVRNVGSWLLRSWTWPQTTRVVARTPARTIHTDARQLQDAAAKQKVEEKAAAPSHTRFSIYPPIPGEESSLRWAGKKFEEIPIAHIKASYNNTQIQVVSASNEPLARASCGTEGFKNAKKGTGIAAQTAGIAAAAKATQKGVTHIRVVVKGLGPGRLSAIHGLTMGGLEVISITDNTPIPHNGCRPRKARRL,"28S ribosomal protein S11, mitochondrial isoform X1 [Rhinopithecus roxellana]",Eukaryota; Metazoa; Chordata; Craniata; Vertebrata; Euteleostomi; Mammalia; Eutheria; Euarchontoglires; Primates; Haplorrhini; Catarrhini; Cercopithecidae; Colobinae; Rhinopithecus,Rhinopithecus roxellana,1.0,1.0
XP_029948333.1,MYKFSSLLANSVTTACRQLTANGASLYGSRGLQRTLCSSAVRQQEAAAPSSDSKEFSVMPPLPGQDSALRWGGNKFEDLPIVHIKATYNNTHIQLTDSKGMPLVRTSCGTEGFKNIKKSTPIAAQTAGISAGSKATVKGVKFVRVVVKGLGPGRQSAIKGLTMGGLEVVSITDNTPVPHNGCRPRKARRM,"28S ribosomal protein S11, mitochondrial [Salarias fasciatus]",Eukaryota; Metazoa; Chordata; Craniata; Vertebrata; Euteleostomi; Actinopterygii; Neopterygii; Teleostei; Neoteleostei; Acanthomorphata; Ovalentaria; Blenniimorphae; Blenniiformes; Blennioidei; Blenniidae; Salariinae; Salarias,Salarias fasciatus,1.0,1.0
XP_003268526.1,MQAVRNAASWFLRSWTWPQTTGRVVARTPAGTIHTGVRQLRDAAAKQKVEEKAAPSHTKFSIYPPIPGEESSLRWAGKKFEEIPIAHIKASHNNTQIQVVSASNEPLARASCGTEGFRNAKKGTGIAAQTAGIAAAAKAKQKGVIHIRVVVKGLGPGRLSAMHGLIMGGLEVISITDNTPIPHNGCRPRKARRL,"28S ribosomal protein S11, mitochondrial isoform X1 [Nomascus leucogenys]",Eukaryota; Metazoa; Chordata; Craniata; Vertebrata; Euteleostomi; Mammalia; Eutheria; Euarchontoglires; Primates; Haplorrhini; Catarrhini; Hylobatidae; Nomascus,Nomascus leucogenys,0.0,1.0
SOV83488.1,MNVLSKNRSLVNYKTMFSSPIYMNICINHFVNNLINVYSEKTIKFTTLSSDAVKALTNLKESVKKPDKKKKNITRETLKNCQGHKRRYKLFGDREEFHNVDRDKNNLIIEPTDSFRAVITTSKNNVHIQVVNKSKNYKTIFGSFAGNVGFTKTLQQSERCAYRIGENIAKKCRRLGIFSIDIKFRRIMRVETVLQAMYANNLNITQIIHEPRLPKCGLNASKPRKRRRV,"mitochondrial ribosomal protein S11 precursor, putative [Plasmodium sp. gorilla clade G3]",Eukaryota; Sar; Alveolata; Apicomplexa; Aconoidasida; Haemosporida; Plasmodiidae; Plasmodium; Plasmodium (Laverania),Plasmodium sp. gorilla clade G3,1.0,2.0
SOS81370.1,MNVLFKNKSLVNYKTIFSSPIYMNICINHFVNKLINVYSAKSVNFTTLSSDAVKAITNLKESVKKPDKKKKNITRETLKNCQGHKRRYKLFGDREEFHNIDRDKNNLIIEPTDSFRAVITTSKNNVHIQVVNKSKNYKTIFGSFAGNVGFTKTLQQSERCAYRIGENIAKKCRRLGIFSIDIKFRRIMRVETVLQAMYANNLNITQIIHEPRLPKCGLNASKPRKRRRV,"mitochondrial ribosomal protein S11 precursor, putative [Plasmodium sp. gorilla clade G1]",Eukaryota; Sar; Alveolata; Apicomplexa; Aconoidasida; Haemosporida; Plasmodiidae; Plasmodium; Plasmodium (Laverania),Plasmodium sp. gorilla clade G1,1.0,2.0
XP_004067507.1,MYKLGCVLGNSVRTVCRQLAVSVNAHTTSINGSTDLQRTIHSSAVRLQEAEAPKENSGKDFSLLPPLPGEDSALKWGGKKFEELPIVHIKATYNNTHIQLTDSEGQSLVRTSCGTEGFKNIKKSTPIAAQTAGISAAAKATGKGVTFVRVVVKGIGPGRQSAIKGLAMGGLEVVSITDNTPVPHNGCRPRKARRM,"28S ribosomal protein S11, mitochondrial [Oryzias latipes]",Eukaryota; Metazoa; Chordata; Craniata; Vertebrata; Euteleostomi; Actinopterygii; Neopterygii; Teleostei; Neoteleostei; Acanthomorphata; Ovalentaria; Atherinomorphae; Beloniformes; Adrianichthyidae; Oryziinae; Oryzias,Oryzias latipes,1.0,1.0
XP_007122536.1,MKGVRNAGFWLLRLWAWPPTTRVAVAGVPAPTIHTSAQQMQDAAAKPEVEKTKAQAPAPSRSSFSIYPPIPGQESSLRWAGKKFEEIPIAHIKASYNNTQIQVVSAAHQPLARASCGTEGFQNAKKGTGIAAQTAGIAAAVKATGKGVTHVRVVVKGLGPGRLPAIKGLTMGGLEVISITDNTPIPHNGCRPRKARRL,"28S ribosomal protein S11, mitochondrial [Physeter catodon]",Eukaryota; Metazoa; Chordata; Craniata; Vertebrata; Euteleostomi; Mammalia; Eutheria; Laurasiatheria; Artiodactyla; Whippomorpha; Cetacea; Odontoceti; Physeteridae; Physeter,Physeter catodon,0.0,1.0
XP_027870454.1,MFNFRCVFNSASTLCRQLITPLNVNGTASQCGVRRLPQQRPLFLSAVRHQEVEASTGKDFSHFPPMPGQDSPLRWAGKKFEELPIIHIKATYNNTHIQLTDSTGQSLVRTSCGTEGFKNSKKSTPIAAQTAGISAAAKATVKGVTFVRVVVKGLGPGRLSAIKGLTMGGLQVISITDNTPVPHNGCRPRKARRI,"28S ribosomal protein S11, mitochondrial isoform X1 [Xiphophorus couchianus]",Eukaryota; Metazoa; Chordata; Craniata; Vertebrata; Euteleostomi; Actinopterygii; Neopterygii; Teleostei; Neoteleostei; Acanthomorphata; Ovalentaria; Atherinomorphae; Cyprinodontiformes; Poeciliidae; Poeciliinae; Xiphophorus,Xiphophorus couchianus,1.0,1.0
XP_013450760.1,MFRKLCSSFIHSRQSLLSASKTTLQSHTTFFQGYVRGFSSASWGLSGRNQSENVNANASARPDFLRNRENINSKSENNAEIGGNSRKMDFVRGAIEDEKSVMGGYLYNQYHFQHDADFVHIKMRRNNTFVTVTDSKGNVKLSGSAGSLKDMKSGQKLSRYAAEATAEVVGRRSRGLGLKSVVMKVNGFTHFRRKRQAILSWREGFTDSRGDKNPIVYIEDTTRRPHNGCRLPKSRRI,"probable ribosomal protein S11, mitochondrial [Medicago truncatula]",Eukaryota; Viridiplantae; Streptophyta; Embryophyta; Tracheophyta; Spermatophyta; Magnoliopsida; eudicotyledons; Gunneridae; Pentapetalae; rosids; fabids; Fabales; Fabaceae; Papilionoideae; 50 kb inversion clade; NPAAA clade; Hologalegina; IRL clade; Trifolieae; Medicago,Medicago truncatula,1.0,1.0
XP_015520939.1,MIKSALRLLASPSFKDRLLSPSLLSEGGKFTGSTNIWRNFHATTRCQKAEDKKMMLASLPPVDEGTKGEKSIQIDNLLSSSEILFPDETTPFRLHDGTPYKDLPICNIKVSHNNTIISLTDCHGKVQMIHTCGKEGFKNTRKGTNIAAQATATTFGARTLRSGIKTVRVRIRGIGPGRMSSIKGLQIGGLDIVSVTDNTHVSWTPPRPRKARRL,"PREDICTED: 28S ribosomal protein S11, mitochondrial [Neodiprion lecontei]",Eukaryota; Metazoa; Ecdysozoa; Arthropoda; Hexapoda; Insecta; Pterygota; Neoptera; Endopterygota; Hymenoptera; Tenthredinoidea; Diprionidae; Diprioninae; Neodiprion,Neodiprion lecontei,0.0,0.0
XP_025247496.1,MQAVRNVGSWFLRSWTWPQTTGVVARTPARTIHTDARQLQDAAAKQEDEEKKAAPSHTRFSIYPPIPGEESSLRWAGKKFEEIPIAHIKASYNNTQIQVVSASNEPLARASCGTEGFRNSKKGTGIAAETAGIAAAAKATQKGVTHIRVVVKGLGPGRLSAIHGLTMGGLEVISITDNTPIPHNGCRPRKARRL,"28S ribosomal protein S11, mitochondrial isoform X1 [Theropithecus gelada]",Eukaryota; Metazoa; Chordata; Craniata; Vertebrata; Euteleostomi; Mammalia; Eutheria; Euarchontoglires; Primates; Haplorrhini; Catarrhini; Cercopithecidae; Cercopithecinae; Theropithecus,Theropithecus gelada,0.0,1.0
YP_009049974.1,MVSKFLKKSNEKGIIHIQSTRNNTVLTLTDLQGNTKCWSSSGNLGFKNSRKSTSYAAQAVAELIASKALNLGIESVILKIKGLGYGKLTAIRALSKSNLNITQIIERTPIAHNGCRAPKKRRV,30S ribosomal protein S11 (mitochondrion) [Chlorella sorokiniana],Eukaryota; Viridiplantae; Chlorophyta; core chlorophytes; Trebouxiophyceae; Chlorellales; Chlorellaceae; Chlorella clade; Chlorella,Chlorella sorokiniana,1.0,2.0
RT18_SCHPO,MVLKHSVTYNLSFFISFTFSSIFFSSLILFLVYKSVLSKLFFIKYLMLNLTKVGLRRFWSQSPRRNAPKKELSSLLESTITPKAFSKRTEEPNPIMQGTDTIPMPFYLHAKCLKNNTHITLCSPERKIIFRASGGTCGFRKGKRRGYDAAYTICSKVLEQIQVKRLGIENLHVIFHGFSQAREAVQNCLLGQEGAVIRDKIVKVMDRTPIKFGGPRGRRERRI,Schizosaccharomyces pombe (Opisthokonta; Fungi; Dikarya; Ascomycota); RT18_SCHPO,Opisthokonta; Fungi; Dikarya; Ascomycota,Schizosaccharomyces pombe,0.0,0.0
XP_004539818.1,MNKFSCILFSSLSTVCRQLSAPLNGNTASLCGSRALQRTICSSAIRHQEKEASSSAETAKDFSYLPPLPGHDSTLRWGGKKFEDLPIVHIKATYNNTHIQLTDSAGQSVVRTSCGTEGFKNIKKSTPIAAQTAGISAAAKATAKGVSFVRVVVKGLGPGRLSAIKGLTMGGLEVVSITDNTPVPHNGCRPRKARRT,"28S ribosomal protein S11, mitochondrial [Maylandia zebra]",Eukaryota; Metazoa; Chordata; Craniata; Vertebrata; Euteleostomi; Actinopterygii; Neopterygii; Teleostei; Neoteleostei; Acanthomorphata; Ovalentaria; Cichlomorphae; Cichliformes; Cichlidae; African cichlids; Pseudocrenilabrinae; Haplochromini; Maylandia; Maylandia zebra complex,Maylandia zebra,1.0,1.0
XP_028540877.1,MYTRINVLSKNRNLANYIRMFSSPMYMNICINHFVNKLINVYSEKSINFTTLSSDAVKAITNLKESVKKPDKKKKNITRETLKNCQGHKRRYKLFGDREEFHNIDRDKNNLIIEPTDSFRAVITTSKNNVHIQVVNKSKNYKTIFGSFAGNVGFTKTLQQSERCAYRIGENIAKKCRRLGIFSIDIKFRRIMRVETVLQAMYANNLNITQIIHEPRLPKCGLNASKPRKRRRV,"mitochondrial ribosomal protein S11 precursor, putative [Plasmodium sp. gorilla clade G2]",Eukaryota; Sar; Alveolata; Apicomplexa; Aconoidasida; Haemosporida; Plasmodiidae; Plasmodium; Plasmodium (Laverania),Plasmodium sp. gorilla clade G2,1.0,2.0
XP_012765589.1,MDVLSKNKSLVNYKTIFSSPIYMNIYINHFVNKLINVYSAKSVNFTTLSSDAVKAITNLKESVKKQDKKKKNITRETLKNCQGHKRRYKLFGDREEFHNIDRDKNNLIIEPTDSFRAVITTSKNNVHIQVVNKSKNYKTIFGSFAGNVGFTKTLQQSERCAYRIGENIAKKCRRLGIFSIDIKFRRIMRVETVLQAMYANNLNITQIIHEPRLPKCGLNASKPRKRRRV,"mitochondrial ribosomal protein S11 precursor, putative [Plasmodium reichenowi]",Eukaryota; Sar; Alveolata; Apicomplexa; Aconoidasida; Haemosporida; Plasmodiidae; Plasmodium; Plasmodium (Laverania),Plasmodium reichenowi,1.0,2.0
XP_003678604.1,MLKRFGAFTSLARRYKSTGPVSFSSITDGKEISNVVSPNRNESSTTRSFKRDLRPVKYVLNCLFAKNNTHFTYSAIVEDVHYMKNNPDVSYNNAFLYYLKLPQKVKFAISTGCLGFRKAARGEYEAAFQTSAKVFQMIQEKKLLDKDIEIVLKDFGKGRAAFVAALNGKEGTAIRKNVTRISDRTPLKFGGVRAPRLRRL,mitochondrial 37S ribosomal protein YmS18 [Torulaspora delbrueckii],Eukaryota; Fungi; Dikarya; Ascomycota; Saccharomycotina; Saccharomycetes; Saccharomycetales; Saccharomycetaceae; Torulaspora,Torulaspora delbrueckii,0.0,0.0
XP_003314911.1,MQAVRNVGSWFLRSWTWPQTAGRVVARTPAGTICTGARQLQDAAAKQKVEQNAAPSHTKFSIYPPIPGEESSLRWAGKKFEEIPIAHIKASHNNTQIQVVSASNEPLAFASCGTEGFRNAKKGTGIAAQTAGIAAAARAKQKGVIHIRVVVKGLGPGRLSAMHGLIMGGLEVISITDNTPIPHNGCRPRKARKL,"28S ribosomal protein S11, mitochondrial isoform X1 [Pan troglodytes]",Eukaryota; Metazoa; Chordata; Craniata; Vertebrata; Euteleostomi; Mammalia; Eutheria; Euarchontoglires; Primates; Haplorrhini; Catarrhini; Hominidae; Pan,Pan troglodytes,1.0,1.0
XP_019839320.1,MQVLRNAGSWLLRSWAWPPTTRVVAGVPAPTIHMSAQQMQDAAAKEEVEKAETPAPAPSRSSFSIYPPIPGQESSLRWAGKKFEEIPIAHIKASYNNTQIHVVSAAHQPLARASCGTEGFRNAKKGTGIAAQTAGIAAAAKATGKGVTHVRVVVKGLGPGRLSAIKGLTMGGLEVISITDNTPIPHNGCRPRKARRL,"PREDICTED: 28S ribosomal protein S11, mitochondrial [Bos indicus]",Eukaryota; Metazoa; Chordata; Craniata; Vertebrata; Euteleostomi; Mammalia; Eutheria; Laurasiatheria; Artiodactyla; Ruminantia; Pecora; Bovidae; Bovinae; Bos,Bos indicus,1.0,1.0
YP_009142082.1,MAKPIPRIGSQRNRRINSRKNARKIPKGVIYVQAGFNNTIVTVTDVRGRVVSWASAGTCGFKGAKRGTPFAAQTAAGNAIRKVVDQGMQRAEVMIKGPGLGRDAALRAIRRSGILLSFVRDVTPMPHNGCRPPKKRRV,ribosomal protein S11 (chloroplast) [Fagopyrum tataricum],Eukaryota; Viridiplantae; Streptophyta; Embryophyta; Tracheophyta; Spermatophyta; Magnoliopsida; eudicotyledons; Gunneridae; Pentapetalae; Caryophyllales; Polygonaceae; Polygonoideae; Fagopyreae; Fagopyrum,Fagopyrum tataricum,0.0,1.0
NP_904224.1,MAKLIKKISLRKGKRRIPKGVIHIQASFNNTIVTVTDIRGQVVFWSSAGACGFKGAKKSTPFAAQTAAENAIRVLIDQGMKQAEVMISGPGPGRDTALRAIRRSGVILNFVRDVTPMPHNGCRPPKKRRV,ribosomal protein S11 (chloroplast) [Physcomitrium patens],Eukaryota; Viridiplantae; Streptophyta; Embryophyta; Bryophyta; Bryophytina; Bryopsida; Funariidae; Funariales; Funariaceae; Physcomitrium,Physcomitrium patens,1.0,1.0
XP_023526167.1,MRRLPLPHLSSLFRSSSLSHGSSFSSSRLSISPFFGTDARSPMSSLHFSRGSEISGSVQIDRQDSGCVDLPRGDSVNVGREIVGRAGKGLGAQGPCWGLARSSENVSVPYSSSSRCYVHYDGRPNADTGRNFKSMNFVRGILEEDRMDFMGSSQFPRPPNMEHNADIVHVKLMRNNTFITVTDNKGNTKLKASSGRLEELKGGPKLSRYAAEATAEYVGRESKKLGLKSVVMRVKGFTYFKKKKQAILSWRDGFTDSKRDQNPIVYIEDTTRRAHNGCRLPKQRRV,"probable ribosomal protein S11, mitochondrial [Cucurbita pepo subsp. pepo]",Eukaryota; Viridiplantae; Streptophyta; Embryophyta; Tracheophyta; Spermatophyta; Magnoliopsida; eudicotyledons; Gunneridae; Pentapetalae; rosids; fabids; Cucurbitales; Cucurbitaceae; Cucurbiteae; Cucurbita,Cucurbita pepo subsp. pepo,0.0,1.0
XP_009248410.1,MQAVRNVGSWFLRSWTWTQTTGRVVARTPAGTIHTGARQLQDAAAKQKVEVKAAPSHTKFSIYPPIPGEENSLRWAGKKFEEIPIAHIKASHNNTLIQVVSASNEPLALASCGTEGFRNAKKGTGVAAQTAGIAAAARAKQKGVIHIRVVVKGLGPGRLSAMHGLIMGGLEVISITDNTPIPHNGCRPRKARRL,"28S ribosomal protein S11, mitochondrial isoform X1 [Pongo abelii]",Eukaryota; Metazoa; Chordata; Craniata; Vertebrata; Euteleostomi; Mammalia; Eutheria; Euarchontoglires; Primates; Haplorrhini; Catarrhini; Hominidae; Pongo,Pongo abelii,1.0,1.0
XP_001503232.1,MQVVRNAGSWLLRSWIWPPTTRVAAGAPAPAIHTGAWQLQDAAAKPEVEKAAAPTSGGSSFSIYPPIPGQESSLRWAGKRFEEIPIAHIKASYNNTQIQVMSAANQPLARASCGTEGFRNAKKGTGIAAQTAGIAAAAKAAGKGVTHIRVVVKGLGPGRLSAIKGLTMGGLEVISITDNTPIPHNGCRPRKARRL,"28S ribosomal protein S11, mitochondrial [Equus caballus]",Eukaryota; Metazoa; Chordata; Craniata; Vertebrata; Euteleostomi; Mammalia; Eutheria; Laurasiatheria; Perissodactyla; Equidae; Equus,Equus caballus,1.0,1.0
XP_002494263.1,MWGSIRLRVPLVFNQGRLFSSSLPSRNAPKTFGSIRKEFANQTPSMSSTSKQVEELKQQRRVPNEQVVKYVLHCSFTKNNTHLTLTEVVEDKNFLKNNEQLSSNEQALYYLQLPQRVKVSLSTGCVGFRKAQRGEYEAGYQTAAKMFETIETRGYLRNKPLEVVFKDFGKGRQGFVSALTGKEGTNIRGKISRLTDKTNLKFGGVRMPRPRRL,mitochondrial 37S ribosomal protein YmS18 [Komagataella phaffii GS115],Eukaryota; Fungi; Dikarya; Ascomycota; Saccharomycotina; Saccharomycetes; Saccharomycetales; Phaffomycetaceae; Komagataella,Komagataella phaffii GS115,0.0,0.0
K9ZVE2_9STRA,MFKLKEFYQYKRELKKDNANLQDKLLSCKFQPTNQKNSVLAKSCQAILYVKSSKNNTIVSLTNLKGRVQFIKSCGSLGFQGKKKRTTKFAVKSTLCFIIKKAQEQGHQKVFLHLNGFARARSAVLHYLNKNNLEIEGIRDLTPNPHNGCRPKKVRRV,Nannochloropsis gaditana (Sar; Stramenopiles; Ochrophyta; Eustigmatophyceae); K9ZVE2_9STRA,Sar; Stramenopiles; Ochrophyta; Eustigmatophyceae,Nannochloropsis gaditana,1.0,1.0
SBT78390.1,MGLLNRKIIFLNCKKFFQDYISPKGCVTSCVTRLTNVGINACNSFTTLSEEAVKAITNLKEVVKKPDKKRKNITRETLKNCQGHKRRYKLFGDREEFHNVDRDKNNVIIEPTDSFRAVITTSKNNVHIQVVNKSKNYKTIFGSFAGNVGFTKSLQQSERCAYRIGENIAKKCKRLGIFSIDIKFRRIMRVETVLQAMYANNLNITQIIHEPRLPKCGLNASKPRKRRRV,"mitochondrial ribosomal protein S11 precursor, putative [Plasmodium ovale]",Eukaryota; Sar; Alveolata; Apicomplexa; Aconoidasida; Haemosporida; Plasmodiidae; Plasmodium; Plasmodium (Plasmodium),Plasmodium ovale,1.0,2.0
XP_023187595.1,MFNFRCVFNSASTLCRQLITPLNVNGTASHHFPPMPGQDSPLRWAGKKFEELPIIHIKATYNNTHIQLTDSTGQSLVRTSCGTEGFKNSKKSTPIAAQTAGISAAAKATVKGVTFVRVVVKGLGPGRLSAIKGLTMGGLQVISITDNTPVPHNGCRPRKARRI,"28S ribosomal protein S11, mitochondrial isoform X2 [Xiphophorus maculatus]",Eukaryota; Metazoa; Chordata; Craniata; Vertebrata; Euteleostomi; Actinopterygii; Neopterygii; Teleostei; Neoteleostei; Acanthomorphata; Ovalentaria; Atherinomorphae; Cyprinodontiformes; Poeciliidae; Poeciliinae; Xiphophorus,Xiphophorus maculatus,1.0,1.0
H7CDF6_PLAMA,MIFNNIIIFLYFKLTLKNTLVTISKYNTKLIYIKTIKSMSCGSLKYFKNRLKNTILANNMLVINIIKYLINKNFLNINIIFNGVNSYRIHILKLLLNIKYKNKQLNINKLFDLTSIPYNGCKISKKKC,Plasmodium malariae (Sar; Alveolata; Apicomplexa); H7CDF6_PLAMA,Sar; Alveolata; Apicomplexa,Plasmodium malariae,1.0,1.0
XP_028534380.1,MFKIISVLNKYFYLRNNNKIYANSSILRGYTNSSRINLNNVNRKIFRNYTTLSQEAVKAITNLKETIKKQDKKKKNITRETLKNCQGHKRRFKLFGDREEFHNIDRDKNNLIIEPTDSFRAVITTSKNNVHIQVINKSKNYKTIFGSFAGNVGFTKSLQQSERCAYRIGENIAKKCRRLGIFSIDVKFRRIMRVETILQAMYANNLNITHIIHEPRLPRCGLNASKPRKRRRV,"mitochondrial ribosomal protein S11 precursor, putative [Plasmodium relictum]",Eukaryota; Sar; Alveolata; Apicomplexa; Aconoidasida; Haemosporida; Plasmodiidae; Plasmodium; Plasmodium (Haemamoeba),Plasmodium relictum,1.0,2.0
XP_019449420.1,MYRYFSSICHGSRSSSLTSLFAPKPSLHALRAQCFSWLNQTDEHVRGFSSADWGFSGRNPNENVNVRPDFMRDRVNLNPISETVNARPDFIQDRENINSRSENDAGTGRTSRPMDFVRGIIEDDGKGFMGGSHYSRFHEEQDADFVHIKMQRNNTFVTVTDNKGNVKLSGSAGSLKEMKTGQKLSRYAAEATAEVVGRRSRGLGLKSVVMKVNGFTHFRRKRQAILSWREGFADSRGDRNPIVYIEDTTRKPHNGCRLPKKRRI,"PREDICTED: probable ribosomal protein S11, mitochondrial [Lupinus angustifolius]",Eukaryota; Viridiplantae; Streptophyta; Embryophyta; Tracheophyta; Spermatophyta; Magnoliopsida; eudicotyledons; Gunneridae; Pentapetalae; rosids; fabids; Fabales; Fabaceae; Papilionoideae; 50 kb inversion clade; genistoids sensu lato; core genistoids; Genisteae; Lupinus,Lupinus angustifolius,1.0,1.0
YP_009056883.1,MATKQRKSVQKKTRRKVQRGVVHILATFNNTLVTISDRSGLVIASSSAGACGFRGARKGTPFAAQTASEEAVRKAMDYGLKYVEVMVKGPGAGREMAIRALQQLGLGVTLIRDVTPLPHNGCRPPKKRRI,30S ribosomal protein S11 (chloroplast) [Bathycoccus prasinos],Eukaryota; Viridiplantae; Chlorophyta; Mamiellophyceae; Mamiellales; Bathycoccaceae; Bathycoccus,Bathycoccus prasinos,1.0,1.0
XP_001650870.1,MFLRPLEMLSNVLRVASKRTIHQSAALLKVEDRKAMLASLPGKDEGTIGERAVDIDSLITKKERIFPDANTPTTLFNGIPFNEIPICNIRVSPNNTIITICDAKGTPQFIRSCGIEGFKNTRKGTNIAAQATAISICSKAIERGYKQVRVTVRGLGPGRMSAIKGLEMAGMNIVSITDTTPVSWNPPRPRKQRKL,"28S ribosomal protein S11, mitochondrial [Aedes aegypti]",Eukaryota; Metazoa; Ecdysozoa; Arthropoda; Hexapoda; Insecta; Pterygota; Neoptera; Endopterygota; Diptera; Nematocera; Culicoidea; Culicidae; Culicinae; Aedini; Aedes; Stegomyia,Aedes aegypti,0.0,0.0
XP_012644322.1,MQAVRNAGFWILRSWSWPRTRVVAGSPAGTIHTGAPELQDAVAKQEVEEKAAAPSHSPFSIYPPVPGEESSLRWAGKKFEEIPIAHIKATYNNTQIQVVSAANQSLARTSCGTEGFRNAKKGTGIAAQTAGIAAAAKATAKGVTYVRVVVKGLGPGRLSAIKGLTMGGLEVISITDNTPIPHNGCRPRKARRL,"28S ribosomal protein S11, mitochondrial [Microcebus murinus]",Eukaryota; Metazoa; Chordata; Craniata; Vertebrata; Euteleostomi; Mammalia; Eutheria; Euarchontoglires; Primates; Strepsirrhini; Lemuriformes; Cheirogaleidae; Microcebus,Microcebus murinus,0.0,1.0
YP_004769661.1,MIKPIPRISSRRNGRIGSRKTGRRIPKGIIHVQASFNNTIVTVTDVRGRVVSWSSAGTSGFKGAKRGTPFAAQSAAVNAIRTVVDQGMQRAEVMIKGPGPGRDAALRAIRRSGILLSFVRDVTPMPHNGCRPPKKRRV,ribosomal protein S11 (chloroplast) [Spirodela polyrhiza],Eukaryota; Viridiplantae; Streptophyta; Embryophyta; Tracheophyta; Spermatophyta; Magnoliopsida; Liliopsida; Araceae; Lemnoideae; Spirodela,Spirodela polyrhiza,0.0,1.0
SOV19504.1,MYTKINVLSKNRSLANFIRMFSSRMYMNICINHFVNKLINVYSEKSINFTTLSSDAVKAITNLKESVKKPDKKKKNITRETLKNCQGHKRRYKLFGDREEFHNIDRDKNNLIIEPTDSFRAVITTSKNNVHIQVVNKSKNYKTIFGSFAGNVGFTKTLQQSERCAYRIGENIAKKCRRLGIFSIDIKFRRIMRVETVLQAMYANNLNITQIIHEPRLPKCGLNASKPRKRRRV,"mitochondrial ribosomal protein S11 precursor, putative [Plasmodium gaboni]",Eukaryota; Sar; Alveolata; Apicomplexa; Aconoidasida; Haemosporida; Plasmodiidae; Plasmodium; Plasmodium (Laverania),Plasmodium gaboni,1.0,2.0
XP_008237050.1,MYSSLSRLSSSLVHRLARCQSQLIASRSFSVSGTPPGPIENFQQGFNSSEIVSRNSRSMNFVRGILEEDGKDNFGFSQFPRYNMEQNADIVHLKLMKNNTFVTVTDSKGNKKLGASAGSLPGMKGGPKLSKYAAETTAEHVGRMARNFGLKSVVVKVKGFTYFKKKRQAIVSWKEGFTNSKVGLNPIVYIEDTTRKPHNGCRLPKKRRV,"PREDICTED: probable ribosomal protein S11, mitochondrial [Prunus mume]",Eukaryota; Viridiplantae; Streptophyta; Embryophyta; Tracheophyta; Spermatophyta; Magnoliopsida; eudicotyledons; Gunneridae; Pentapetalae; rosids; fabids; Rosales; Rosaceae; Amygdaloideae; Amygdaleae; Prunus,Prunus mume,0.0,1.0
NP_983929.1,MLGRGGMFSGLRALSTGAAAHNGATQYASLARSGMIVQPGADPRSANRKPDEQVVKYVLNCLFTKNNTHFTYSAVVEDRNFLANNAHLSYNDKFLYYLQLPQRVRLHLSTGQLGFRKAARGEYEATFQTAAKLFQTLRERQLLDKGVEIIMKDFGKGREAFIAALNGKEGNQVRPAVTRVSDATPLKFGGVRAPRRRRL,mitochondrial 37S ribosomal protein YmS18 [Eremothecium gossypii ATCC 10895],Eukaryota; Fungi; Dikarya; Ascomycota; Saccharomycotina; Saccharomycetes; Saccharomycetales; Saccharomycetaceae; Eremothecium,Eremothecium gossypii ATCC 10895,0.0,0.0
YP_003289185.1,MKKKIKRTIVTGTMHVHATFNNTIVTISDLNGNTLSWASSGTVDFKGSRKGTPFASQKAAERAALIAKDTYGLKRLEVVVKGSGPGREPAIRAVSQKGIRVVSIKDVTFIPYNGCRPPKRRRV,30S ribosomal protein S11 (chloroplast) [Ectocarpus siliculosus],Eukaryota; Sar; Stramenopiles; Ochrophyta; PX clade; Phaeophyceae; Ectocarpales; Ectocarpaceae; Ectocarpus,Ectocarpus siliculosus,1.0,1.0
RR11_THAPS,MAQKFRKQAVKKNRTNLGTGVVHIQSTFNNTIVTITNMSGDTISWASSGSSGFKGARKGTPFAAQTAAEKAALDALSTGIKTVEILVKGQGSGRETAIRSIEGAGLEILSIQDITPVPHNGCRPRKRRRV,Thalassiosira pseudonana (Sar; Stramenopiles; Ochrophyta; Bacillariophyta); RR11_THAPS,Sar; Stramenopiles; Ochrophyta; Bacillariophyta,Thalassiosira pseudonana,1.0,1.0
YP_874474.1,MAQTTRKSTIRKEKNSFTSGVVHIQSTFNNTIVTITNLTGDTISWASAGSSGFKGARKSTPFAAQTAAEKAALEALSTGMKTVEILVKGQGSGRETAIRAIEGAGFDIISIQDITSVPHNGCRPPKRRRV,30S ribosomal protein S11 (chloroplast) [Phaeodactylum tricornutum],Eukaryota; Sar; Stramenopiles; Ochrophyta; Bacillariophyta; Bacillariophyceae; Bacillariophycidae; Naviculales; Phaeodactylaceae; Phaeodactylum,Phaeodactylum tricornutum,1.0,1.0
A0A090KZP5_STRRB,MSELSSLLSDNSGVPETIDNSSNVNEQKATNNDDKMDTLEIEQEEDRNMDVQEGTEQGKTKFKVLLDSVKDEPLKETRLSIAVEDLLVHYHGLLSSFRVTCSSHLVSALDLPLKETAEIISKQVKDAALDVQSEFNKAYVQWKLSNPEEAEAEELNDITKAVERQNCLLNKFMFNLQNIVSKTGIFSKQIYNIIHRPLSTSNVALRSIRDLTNASSDEKNRSSTIEGTVGSEKWRTIDTSNFDDRLPGPELLTTSFDGILYKDLPIVYIKATKNNTLITVTDSDYNEITYTSCRLEGFKNAKKKSTIAGQTTGEAAGQRLKRRGILTVRVVVKGIGPGRISSVLGLAKCGINVVTITDNTPLNELGPRPRKIRRV,Strongyloides ratti (Opisthokonta; Metazoa; Eumetazoa; Bilateria; Protostomia; Ecdyzoa; Nematoda); A0A090KZP5_STRRB,Opisthokonta; Metazoa; Eumetazoa; Bilateria; Protostomia; Ecdyzoa; Nematoda,Strongyloides ratti,0.0,0.0
XP_003688729.1,MLSGKILNLPLLGKVSRFNNATVRMFSGGQVAFNEKQLFAGISDMLSSSRDITNISTPIEESNGTQVVSGSGKKKIVKPNERTVKYVLSCLFGKNNTHFTYSAVVEDTNYMKLNSDKSYNEQFLYYYNLPRKVKFSISTGCLGFRKAARGEYEAAFQTSAKVFQMIQEKRLMDKDIEIVMKDFGKGRAAFTAALNGKEGNNIRKNNF,mitochondrial 37S ribosomal protein YmS18 TPHA_0P01370 [Tetrapisispora phaffii CBS 4417],Eukaryota; Fungi; Dikarya; Ascomycota; Saccharomycotina; Saccharomycetes; Saccharomycetales; Saccharomycetaceae; Tetrapisispora,Tetrapisispora phaffii CBS 4417,0.0,0.0
YP_717244.1,MATKQRKVTQKKSRRKVQRGVVHILATFNNTLVTISDRSGLVIASSSAGACGFRGARKGTPFAAQTASEEAVRKALDYGLKYVDVMVKGPGAGREMAIRALQQLGLGVTLIRDVTPLPHNGCRPPKKRRV,Rps11 (chloroplast) [Ostreococcus tauri],Eukaryota; Viridiplantae; Chlorophyta; Mamiellophyceae; Mamiellales; Bathycoccaceae; Ostreococcus,Ostreococcus tauri,1.0,1.0
Q2LCP3_DICCI,MQNKKIAHIVRIEMFEEKIDRLDLIFTKYVEYKFPLYLLGKLWLYKFIRRKFNLIGPLNEQILSPYLQFNLYFDKSKARKETFKVYLGKIGFVLLHVFYLSCIAYYDSFLYAKVMNDWLEEVMRTRY,Dictyostelium discoideum (Amoebozoa; Evosea); Q2LCP3_DICCI,Amoebozoa; Evosea,Dictyostelium discoideum,0.0,0.0
KUI56598.1,MSRSSTGRQLASTLFQSLSKPSASKTLCAATQPFSSSSSRPAEGDTRKENLLKSITQRPRTTRTTFAPSPSSSSSPGPPKSTSLAELAAQLSPALVASGRAANDTRLVDTSMLDGQLALDSMEDAALKAEKFTEPFHFHVYAHKHNTHVTVTKPNRDAIVSLSCGNLGFRKSQRKHYDSAYQLGAYVIDKLQQQGWHNKITQLEVVLRGFGAGREAVTKVILGNEGRLLRDKIVKVSDSTRLKFGGTRSKKPRRLG,"Putative 37S ribosomal protein S18, mitochondrial [Valsa mali var. pyri]",Eukaryota; Fungi; Dikarya; Ascomycota; Pezizomycotina; Sordariomycetes; Sordariomycetidae; Diaporthales; Valsaceae; Valsa,Valsa mali var. pyri,0.0,0.0
KUI67768.1,MSRSSTGRQLASTLFQSLSRPSASKTLCGATQPFSSSSSRPAEGDTRKENLLKSITQRPRTTRTTSAPNPSSSSSPGPPKSSSLAELAAQLSPALVASGRAANDTRLVDTSMLDGQLALDSMEDAALKAEKFTEPFHFHVYAHKHNTHVTVTKPNRDAIVSLSCGNLGFRKSQRKHYDSAYQLGAYVIDKLQQQGWHNKITQLEVVLRGFGAGREAVTKVILGNEGRLLRDKIVKLSDSTRLKFGGTRSKKPRRLG,"Putative 37S ribosomal protein S18, mitochondrial [Valsa mali]",Eukaryota; Fungi; Dikarya; Ascomycota; Pezizomycotina; Sordariomycetes; Sordariomycetidae; Diaporthales; Valsaceae; Valsa,Valsa mali,0.0,0.0
XP_002555008.1,MIKSVFSTACRPFSTSARALNESPVSFAGIAQAINASNPVSNVISPGEEPGSKSSKKRGEHTVKYILNCLFTKNNTHFTYSAVVEDLNYLKNNADASYNDKFLYYLKLPQKVKFRVSTGNLGFRKAARGEYEAAFQTSARLFQMIHQKKLLDRNIEIVLKDFGKGREAFTAALNGKEGTAVRRNVVRVSDATPIKFGGVRAPRQRRL,mitochondrial 37S ribosomal protein YmS18 [Lachancea thermotolerans CBS 6340],Eukaryota; Fungi; Dikarya; Ascomycota; Saccharomycotina; Saccharomycetes; Saccharomycetales; Saccharomycetaceae; Lachancea,Lachancea thermotolerans CBS 6340,0.0,0.0
XP_010461002.1,MNGVSRHLRGSSLPSLIRGYVGGINSVRRFSSQSDGFSGGRFREQGPVPGDSENNNSGVPNTGRFGSPSDPNPSPMRTFGDLKAGMLNRGGNGFSAPNAPPTFKNPLRTRLPNTLPDQFSQTNPGLSNTGGSRFSAPSYENFIQSSLLKENSPGEEKSSDMEFIREVITEDEGRRTSVLFSHFHRPNLETNADIIHIKMLRNNTFVTVTDSKGNIKLKATSGSLPDLKGGRKMTNYTADATAENIGRRAKAMGLKNVVVKVNGFTHFGKKKKAIIAFRDGFTNSRSDMNPIVYIEDTTRKAHNGCRLPRKRRV,"PREDICTED: probable ribosomal protein S11, mitochondrial [Camelina sativa]",Eukaryota; Viridiplantae; Streptophyta; Embryophyta; Tracheophyta; Spermatophyta; Magnoliopsida; eudicotyledons; Gunneridae; Pentapetalae; rosids; malvids; Brassicales; Brassicaceae; Camelineae; Camelina,Camelina sativa,0.0,1.0
XP_007988509.1,MQAVRNVGSWFLRSWTWPQTTGVVARTPARTIHTDVRQLQDAAAKQEVEEKAAAPSHTRFSIYPPIPGEESSLRWAGKKFEEIPIAHIKASYNNTQIQVVSASNEPLARASCGTEGFRNSKKGTGIAAQTAGIAAAAKATQKGVTHIRVVVKGLGPGRLSAIHGLTMGGLEVISITDNTPIPHNGCRPRKARRL,"28S ribosomal protein S11, mitochondrial [Chlorocebus sabaeus]",Eukaryota; Metazoa; Chordata; Craniata; Vertebrata; Euteleostomi; Mammalia; Eutheria; Euarchontoglires; Primates; Haplorrhini; Catarrhini; Cercopithecidae; Cercopithecinae; Chlorocebus,Chlorocebus sabaeus,1.0,1.0
NP_849089.1,MKKSKRTDRKGSIHIQSTFNNTLITVSDAQGACVCWSSAGLVGFKGAKKGTPFAAGMAAEKVAQLAKDQGMKQVDVFVKGPGAGRETAIRALEAAGLQITSIQDVTGIPHNGCRPPKRRRV,ribosomal protein S11 (chloroplast) [Cyanidioschyzon merolae strain 10D],Eukaryota; Rhodophyta; Bangiophyceae; Cyanidiales; Cyanidiaceae; Cyanidioschyzon,Cyanidioschyzon merolae strain 10D,1.0,1.0
XP_002495774.1,MRADRILNVFRQVGKRYQSSLAGSNGPGVTFSSIAKQQEQQEQDISNVVSPSSGKNKNALKPNERPVKYILNCLFSKNNAHFTYSAVMEDVNFLKNNQDLSYNEKFFYYLNLPRRVKFSLSTGCLGFRKAARGEYEAAFQTSAKVFQLIQDKKLMDKDIEIVMKDFGKGRAAFISALNGKEGTQLRKNVVRISDKTALKFGGVRAPRVRRL,mitochondrial 37S ribosomal protein YmS18 [Zygosaccharomyces rouxii],Eukaryota; Fungi; Dikarya; Ascomycota; Saccharomycotina; Saccharomycetes; Saccharomycetales; Saccharomycetaceae; Zygosaccharomyces,Zygosaccharomyces rouxii,0.0,0.0
YP_002808626.1,MASKQRKSVQKKARRKVQRGVVHILATFNNTLVTISDRSGMVIASSSSGACGFRGARKGTPFAAQTAAEEAARKSLDYGLKYVDVMVKGPGAGREMAIRALQQLGLGITLIRDVTPLPHNGCRPPKKRRV,small subunit ribosomal protein S11 (chloroplast) [Micromonas commoda],Eukaryota; Viridiplantae; Chlorophyta; Mamiellophyceae; Mamiellales; Mamiellaceae; Micromonas,Micromonas commoda,1.0,1.0
XP_008309021.1,MFTFNTVLFGSISNVCRQLVSSVNTSGSALGLQRTLCSSAVRLQESSATTTAKQPTKDPLRRLPPLPCDESPLRWAGQKYEELPIIHIKATYNNTHIQLTDGVGKSLTRTSCGAEGFKNIKRSTPVAAQTTGIATAMKAASKGVTFVRVVVKGIGPGRQAAIKGLAMGGLKVVSITDNTPVPHNGCRPRKARRM,"28S ribosomal protein S11, mitochondrial [Cynoglossus semilaevis]",Eukaryota; Metazoa; Chordata; Craniata; Vertebrata; Euteleostomi; Actinopterygii; Neopterygii; Teleostei; Neoteleostei; Acanthomorphata; Carangaria; Pleuronectiformes; Pleuronectoidei; Cynoglossidae; Cynoglossinae; Cynoglossus,Cynoglossus semilaevis,1.0,1.0
